timestamp,sensor_id,event
2026-01-01 03:35:01,MOTION_BATH,ON
2026-01-01 06:55:07,PRESSURE_BED,ON
2026-01-01 07:00:47,MOTION_BEDROOM,ON
2026-01-01 07:03:15,MOTION_HALL,ON
2026-01-01 07:21:01,MOTION_KITCHEN,ON
2026-01-01 07:23:43,MOTION_KITCHEN,ON
2026-01-01 07:24:47,MOTION_KITCHEN,ON
2026-01-01 07:27:13,DOOR_FRIDGE,OPEN
2026-01-01 07:37:05,MOTION_KITCHEN,ON
2026-01-01 07:38:27,MOTION_KITCHEN,ON
2026-01-01 08:00:32,MOTION_KITCHEN,ON
2026-01-01 08:54:01,MOTION_BATH,ON
2026-01-01 09:07:12,MOTION_BATH,ON
2026-01-01 09:10:24,MOTION_LIVING,ON
2026-01-01 09:27:54,MOTION_LIVING,ON
2026-01-01 09:49:27,MOTION_LIVING,ON
2026-01-01 09:53:21,MOTION_LIVING,ON
2026-01-01 09:53:51,MOTION_LIVING,ON
2026-01-01 10:00:46,PRESSURE_SOFA,ON
2026-01-01 10:19:28,MOTION_LIVING,ON
2026-01-01 10:22:09,MOTION_LIVING,ON
2026-01-01 10:43:16,MOTION_LIVING,ON
2026-01-01 11:22:51,MOTION_LIVING,ON
2026-01-01 12:07:02,DOOR_FRIDGE,OPEN
2026-01-01 12:16:45,MOTION_KITCHEN,ON
2026-01-01 12:21:36,MOTION_KITCHEN,ON
2026-01-01 12:22:05,MOTION_KITCHEN,ON
2026-01-01 12:27:07,MOTION_KITCHEN,ON
2026-01-01 12:27:18,MOTION_KITCHEN,ON
2026-01-01 12:30:39,MOTION_KITCHEN,ON
2026-01-01 13:19:51,MOTION_LIVING,ON
2026-01-01 13:43:10,MOTION_HALL,ON
2026-01-01 14:11:17,PRESSURE_SOFA,ON
2026-01-01 14:15:24,PRESSURE_SOFA,ON
2026-01-01 14:48:53,PRESSURE_SOFA,ON
2026-01-01 14:54:05,PRESSURE_SOFA,ON
2026-01-01 15:27:42,MOTION_LIVING,ON
2026-01-01 15:30:04,PRESSURE_SOFA,ON
2026-01-01 15:45:35,MOTION_HALL,ON
2026-01-01 15:49:41,MOTION_HALL,ON
2026-01-01 16:45:10,PRESSURE_SOFA,ON
2026-01-01 17:38:56,DOOR_ENTRANCE,OPEN
2026-01-01 18:12:09,MOTION_KITCHEN,ON
2026-01-01 18:21:08,MOTION_KITCHEN,ON
2026-01-01 18:30:13,DOOR_ENTRANCE,OPEN
2026-01-01 18:52:35,MOTION_KITCHEN,ON
2026-01-01 18:55:10,DOOR_FRIDGE,OPEN
2026-01-01 19:10:48,MOTION_KITCHEN,ON
2026-01-01 19:19:08,MOTION_KITCHEN,ON
2026-01-01 19:42:25,MOTION_KITCHEN,ON
2026-01-01 19:46:29,MOTION_KITCHEN,ON
2026-01-01 19:52:37,MOTION_KITCHEN,ON
2026-01-01 20:37:55,MOTION_LIVING,ON
2026-01-01 20:48:43,MOTION_LIVING,ON
2026-01-01 21:15:00,PRESSURE_SOFA,ON
2026-01-01 22:09:24,PRESSURE_SOFA,ON
2026-01-01 22:24:09,MOTION_LIVING,ON
2026-01-01 22:26:18,MOTION_LIVING,ON
2026-01-01 22:34:35,PRESSURE_SOFA,ON
2026-01-01 22:46:48,MOTION_BATH,ON
2026-01-01 22:51:32,PRESSURE_SOFA,ON
2026-01-01 22:53:49,PRESSURE_SOFA,ON
2026-01-01 23:00:34,MOTION_BEDROOM,ON
2026-01-01 23:21:58,PRESSURE_BED,ON
2026-01-02 06:38:59,PRESSURE_BED,ON
2026-01-02 07:01:56,MOTION_BEDROOM,ON
2026-01-02 07:04:15,MOTION_HALL,ON
2026-01-02 07:22:46,MOTION_KITCHEN,ON
2026-01-02 07:27:48,DOOR_FRIDGE,OPEN
2026-01-02 07:27:56,MOTION_KITCHEN,ON
2026-01-02 07:35:52,MOTION_KITCHEN,ON
2026-01-02 07:38:05,MOTION_KITCHEN,ON
2026-01-02 08:07:49,MOTION_KITCHEN,ON
2026-01-02 08:39:08,MOTION_BATH,ON
2026-01-02 09:05:35,MOTION_BATH,ON
2026-01-02 10:06:28,PRESSURE_SOFA,ON
2026-01-02 10:30:42,MOTION_LIVING,ON
2026-01-02 10:38:55,MOTION_LIVING,ON
2026-01-02 11:17:45,MOTION_LIVING,ON
2026-01-02 11:28:28,MOTION_LIVING,ON
2026-01-02 11:32:13,MOTION_LIVING,ON
2026-01-02 11:53:46,MOTION_LIVING,ON
2026-01-02 12:10:37,MOTION_KITCHEN,ON
2026-01-02 12:12:21,MOTION_KITCHEN,ON
2026-01-02 12:17:14,MOTION_KITCHEN,ON
2026-01-02 12:22:14,DOOR_FRIDGE,OPEN
2026-01-02 13:08:46,PRESSURE_SOFA,ON
2026-01-02 13:19:57,MOTION_LIVING,ON
2026-01-02 13:26:32,MOTION_LIVING,ON
2026-01-02 14:05:45,MOTION_LIVING,ON
2026-01-02 14:22:31,MOTION_HALL,ON
2026-01-02 14:39:46,MOTION_LIVING,ON
2026-01-02 16:17:06,MOTION_LIVING,ON
2026-01-02 16:20:51,PRESSURE_SOFA,ON
2026-01-02 16:27:26,PRESSURE_SOFA,ON
2026-01-02 16:51:43,MOTION_LIVING,ON
2026-01-02 18:08:41,MOTION_KITCHEN,ON
2026-01-02 18:09:28,MOTION_KITCHEN,ON
2026-01-02 18:17:12,MOTION_KITCHEN,ON
2026-01-02 18:22:29,MOTION_KITCHEN,ON
2026-01-02 18:52:53,DOOR_FRIDGE,OPEN
2026-01-02 19:13:27,MOTION_KITCHEN,ON
2026-01-02 20:29:59,PRESSURE_SOFA,ON
2026-01-02 20:53:10,MOTION_LIVING,ON
2026-01-02 21:08:24,MOTION_LIVING,ON
2026-01-02 21:23:44,PRESSURE_SOFA,ON
2026-01-02 21:36:13,PRESSURE_SOFA,ON
2026-01-02 22:41:18,MOTION_BATH,ON
2026-01-02 22:55:09,PRESSURE_SOFA,ON
2026-01-02 23:00:03,MOTION_BEDROOM,ON
2026-01-02 23:23:47,PRESSURE_BED,ON
2026-01-03 02:32:21,MOTION_BATH,ON
2026-01-03 06:45:03,PRESSURE_BED,ON
2026-01-03 07:00:37,MOTION_BEDROOM,ON
2026-01-03 07:10:32,MOTION_HALL,ON
2026-01-03 07:21:32,MOTION_KITCHEN,ON
2026-01-03 07:22:54,MOTION_KITCHEN,ON
2026-01-03 07:25:04,MOTION_KITCHEN,ON
2026-01-03 07:27:25,MOTION_KITCHEN,ON
2026-01-03 07:28:56,DOOR_FRIDGE,OPEN
2026-01-03 07:39:04,MOTION_KITCHEN,ON
2026-01-03 08:08:15,MOTION_KITCHEN,ON
2026-01-03 08:53:38,MOTION_BATH,ON
2026-01-03 09:00:39,MOTION_BATH,ON
2026-01-03 10:10:19,PRESSURE_SOFA,ON
2026-01-03 10:18:42,MOTION_LIVING,ON
2026-01-03 10:30:08,MOTION_LIVING,ON
2026-01-03 10:47:37,MOTION_LIVING,ON
2026-01-03 11:25:15,MOTION_LIVING,ON
2026-01-03 11:38:20,MOTION_LIVING,ON
2026-01-03 12:12:00,MOTION_KITCHEN,ON
2026-01-03 12:12:34,MOTION_KITCHEN,ON
2026-01-03 12:13:08,DOOR_FRIDGE,OPEN
2026-01-03 12:16:32,MOTION_KITCHEN,ON
2026-01-03 12:20:59,MOTION_KITCHEN,ON
2026-01-03 12:24:39,MOTION_KITCHEN,ON
2026-01-03 12:28:06,MOTION_KITCHEN,ON
2026-01-03 13:13:07,PRESSURE_SOFA,ON
2026-01-03 13:20:18,PRESSURE_SOFA,ON
2026-01-03 13:47:19,MOTION_HALL,ON
2026-01-03 13:52:09,MOTION_HALL,ON
2026-01-03 14:33:45,MOTION_HALL,ON
2026-01-03 15:18:40,MOTION_HALL,ON
2026-01-03 15:23:13,MOTION_HALL,ON
2026-01-03 15:44:33,MOTION_HALL,ON
2026-01-03 18:09:56,MOTION_KITCHEN,ON
2026-01-03 18:10:40,MOTION_KITCHEN,ON
2026-01-03 18:26:49,MOTION_KITCHEN,ON
2026-01-03 18:39:02,MOTION_KITCHEN,ON
2026-01-03 18:45:16,MOTION_KITCHEN,ON
2026-01-03 18:46:37,DOOR_FRIDGE,OPEN
2026-01-03 18:52:28,MOTION_KITCHEN,ON
2026-01-03 19:21:57,MOTION_KITCHEN,ON
2026-01-03 19:22:02,MOTION_KITCHEN,ON
2026-01-03 19:40:00,MOTION_KITCHEN,ON
2026-01-03 20:16:01,PRESSURE_SOFA,ON
2026-01-03 20:27:39,PRESSURE_SOFA,ON
2026-01-03 20:32:02,MOTION_LIVING,ON
2026-01-03 20:35:12,MOTION_LIVING,ON
2026-01-03 20:52:50,PRESSURE_SOFA,ON
2026-01-03 20:55:24,MOTION_LIVING,ON
2026-01-03 21:18:42,MOTION_LIVING,ON
2026-01-03 21:28:57,MOTION_LIVING,ON
2026-01-03 21:47:17,MOTION_LIVING,ON
2026-01-03 22:14:55,MOTION_LIVING,ON
2026-01-03 22:49:22,MOTION_BATH,ON
2026-01-03 23:00:52,MOTION_BEDROOM,ON
2026-01-03 23:12:14,PRESSURE_BED,ON
2026-01-04 02:32:44,MOTION_BATH,ON
2026-01-04 06:43:55,PRESSURE_BED,ON
2026-01-04 07:00:49,MOTION_BEDROOM,ON
2026-01-04 07:03:22,MOTION_HALL,ON
2026-01-04 07:20:07,MOTION_KITCHEN,ON
2026-01-04 07:21:06,MOTION_KITCHEN,ON
2026-01-04 07:28:11,MOTION_KITCHEN,ON
2026-01-04 07:31:46,MOTION_KITCHEN,ON
2026-01-04 07:35:27,DOOR_FRIDGE,OPEN
2026-01-04 07:37:21,MOTION_KITCHEN,ON
2026-01-04 07:38:16,MOTION_KITCHEN,ON
2026-01-04 07:39:27,MOTION_KITCHEN,ON
2026-01-04 08:09:32,MOTION_KITCHEN,ON
2026-01-04 08:38:24,MOTION_BATH,ON
2026-01-04 09:08:12,MOTION_BATH,ON
2026-01-04 09:28:27,MOTION_LIVING,ON
2026-01-04 09:38:59,MOTION_LIVING,ON
2026-01-04 09:47:58,MOTION_LIVING,ON
2026-01-04 09:50:27,MOTION_LIVING,ON
2026-01-04 10:00:46,PRESSURE_SOFA,ON
2026-01-04 10:44:20,MOTION_LIVING,ON
2026-01-04 11:48:46,MOTION_LIVING,ON
2026-01-04 11:52:42,MOTION_LIVING,ON
2026-01-04 12:14:12,MOTION_KITCHEN,ON
2026-01-04 12:18:42,DOOR_FRIDGE,OPEN
2026-01-04 12:19:35,MOTION_KITCHEN,ON
2026-01-04 12:22:44,MOTION_KITCHEN,ON
2026-01-04 12:23:20,MOTION_KITCHEN,ON
2026-01-04 12:26:19,MOTION_KITCHEN,ON
2026-01-04 13:07:30,MOTION_LIVING,ON
2026-01-04 14:37:50,PRESSURE_SOFA,ON
2026-01-04 14:44:19,MOTION_HALL,ON
2026-01-04 14:47:18,MOTION_LIVING,ON
2026-01-04 15:10:43,MOTION_LIVING,ON
2026-01-04 15:18:50,PRESSURE_SOFA,ON
2026-01-04 15:19:09,MOTION_LIVING,ON
2026-01-04 15:34:28,PRESSURE_SOFA,ON
2026-01-04 16:40:19,MOTION_LIVING,ON
2026-01-04 18:14:41,MOTION_KITCHEN,ON
2026-01-04 18:38:49,DOOR_FRIDGE,OPEN
2026-01-04 18:50:44,MOTION_KITCHEN,ON
2026-01-04 18:53:55,MOTION_KITCHEN,ON
2026-01-04 19:31:56,MOTION_KITCHEN,ON
2026-01-04 19:36:25,MOTION_KITCHEN,ON
2026-01-04 20:16:03,PRESSURE_SOFA,ON
2026-01-04 20:34:48,PRESSURE_SOFA,ON
2026-01-04 20:45:49,PRESSURE_SOFA,ON
2026-01-04 21:09:15,PRESSURE_SOFA,ON
2026-01-04 21:33:48,PRESSURE_SOFA,ON
2026-01-04 21:44:53,PRESSURE_SOFA,ON
2026-01-04 22:20:29,MOTION_LIVING,ON
2026-01-04 22:33:47,MOTION_LIVING,ON
2026-01-04 22:36:17,MOTION_LIVING,ON
2026-01-04 22:43:21,MOTION_BATH,ON
2026-01-04 23:00:57,MOTION_BEDROOM,ON
2026-01-04 23:22:05,PRESSURE_BED,ON
2026-01-05 06:39:45,PRESSURE_BED,ON
2026-01-05 07:00:04,MOTION_BEDROOM,ON
2026-01-05 07:08:26,MOTION_HALL,ON
2026-01-05 07:20:54,MOTION_KITCHEN,ON
2026-01-05 07:26:53,MOTION_KITCHEN,ON
2026-01-05 07:33:03,MOTION_KITCHEN,ON
2026-01-05 07:33:24,MOTION_KITCHEN,ON
2026-01-05 07:37:29,MOTION_KITCHEN,ON
2026-01-05 07:38:44,MOTION_KITCHEN,ON
2026-01-05 07:43:24,DOOR_FRIDGE,OPEN
2026-01-05 08:05:00,MOTION_KITCHEN,ON
2026-01-05 08:46:19,MOTION_BATH,ON
2026-01-05 09:02:54,MOTION_BATH,ON
2026-01-05 09:29:21,MOTION_LIVING,ON
2026-01-05 09:36:14,MOTION_LIVING,ON
2026-01-05 10:07:01,PRESSURE_SOFA,ON
2026-01-05 10:13:39,MOTION_LIVING,ON
2026-01-05 10:32:31,MOTION_LIVING,ON
2026-01-05 10:51:10,MOTION_LIVING,ON
2026-01-05 11:43:57,MOTION_LIVING,ON
2026-01-05 11:48:51,MOTION_LIVING,ON
2026-01-05 11:52:47,MOTION_LIVING,ON
2026-01-05 12:10:05,MOTION_KITCHEN,ON
2026-01-05 12:11:16,MOTION_KITCHEN,ON
2026-01-05 12:14:55,MOTION_KITCHEN,ON
2026-01-05 12:17:20,DOOR_FRIDGE,OPEN
2026-01-05 12:24:11,MOTION_KITCHEN,ON
2026-01-05 12:28:36,MOTION_KITCHEN,ON
2026-01-05 12:30:27,MOTION_KITCHEN,ON
2026-01-05 13:20:53,MOTION_LIVING,ON
2026-01-05 13:27:41,MOTION_LIVING,ON
2026-01-05 13:35:47,MOTION_LIVING,ON
2026-01-05 13:44:15,MOTION_LIVING,ON
2026-01-05 13:54:02,MOTION_HALL,ON
2026-01-05 16:22:16,PRESSURE_SOFA,ON
2026-01-05 16:25:48,PRESSURE_SOFA,ON
2026-01-05 17:23:36,DOOR_ENTRANCE,OPEN
2026-01-05 18:09:37,MOTION_KITCHEN,ON
2026-01-05 18:11:44,MOTION_KITCHEN,ON
2026-01-05 18:24:06,MOTION_KITCHEN,ON
2026-01-05 18:24:36,MOTION_KITCHEN,ON
2026-01-05 18:26:29,DOOR_ENTRANCE,OPEN
2026-01-05 18:44:54,DOOR_FRIDGE,OPEN
2026-01-05 18:54:52,MOTION_KITCHEN,ON
2026-01-05 19:15:38,MOTION_KITCHEN,ON
2026-01-05 19:30:45,MOTION_KITCHEN,ON
2026-01-05 20:10:56,PRESSURE_SOFA,ON
2026-01-05 20:32:46,MOTION_LIVING,ON
2026-01-05 20:55:22,MOTION_LIVING,ON
2026-01-05 21:36:27,MOTION_LIVING,ON
2026-01-05 21:45:45,PRESSURE_SOFA,ON
2026-01-05 21:51:20,PRESSURE_SOFA,ON
2026-01-05 22:32:04,PRESSURE_SOFA,ON
2026-01-05 22:46:00,PRESSURE_SOFA,ON
2026-01-05 22:46:39,PRESSURE_SOFA,ON
2026-01-05 22:49:15,MOTION_BATH,ON
2026-01-05 22:54:29,PRESSURE_SOFA,ON
2026-01-05 23:04:36,MOTION_BEDROOM,ON
2026-01-05 23:24:42,PRESSURE_BED,ON
2026-01-06 06:35:31,PRESSURE_BED,ON
2026-01-06 07:00:11,MOTION_BEDROOM,ON
2026-01-06 07:10:13,MOTION_HALL,ON
2026-01-06 07:20:33,MOTION_KITCHEN,ON
2026-01-06 07:26:05,MOTION_KITCHEN,ON
2026-01-06 07:28:21,MOTION_KITCHEN,ON
2026-01-06 07:28:35,MOTION_KITCHEN,ON
2026-01-06 07:28:56,MOTION_KITCHEN,ON
2026-01-06 07:32:46,DOOR_FRIDGE,OPEN
2026-01-06 07:39:44,MOTION_KITCHEN,ON
2026-01-06 08:03:31,MOTION_KITCHEN,ON
2026-01-06 08:52:48,MOTION_BATH,ON
2026-01-06 09:00:44,MOTION_BATH,ON
2026-01-06 09:23:14,MOTION_LIVING,ON
2026-01-06 10:01:44,PRESSURE_SOFA,ON
2026-01-06 10:35:35,MOTION_LIVING,ON
2026-01-06 10:47:37,MOTION_LIVING,ON
2026-01-06 10:49:15,MOTION_LIVING,ON
2026-01-06 10:55:01,MOTION_LIVING,ON
2026-01-06 11:27:27,MOTION_LIVING,ON
2026-01-06 11:40:21,MOTION_LIVING,ON
2026-01-06 11:50:31,MOTION_LIVING,ON
2026-01-06 12:10:12,DOOR_FRIDGE,OPEN
2026-01-06 12:13:46,MOTION_KITCHEN,ON
2026-01-06 12:13:47,MOTION_KITCHEN,ON
2026-01-06 12:16:20,MOTION_KITCHEN,ON
2026-01-06 12:18:14,MOTION_KITCHEN,ON
2026-01-06 12:18:19,MOTION_KITCHEN,ON
2026-01-06 12:27:48,MOTION_KITCHEN,ON
2026-01-06 13:50:08,MOTION_HALL,ON
2026-01-06 14:28:19,MOTION_LIVING,ON
2026-01-06 15:07:35,MOTION_LIVING,ON
2026-01-06 15:11:18,MOTION_LIVING,ON
2026-01-06 15:49:40,MOTION_LIVING,ON
2026-01-06 16:11:36,MOTION_LIVING,ON
2026-01-06 16:22:37,MOTION_HALL,ON
2026-01-06 17:35:28,DOOR_ENTRANCE,OPEN
2026-01-06 18:14:09,MOTION_KITCHEN,ON
2026-01-06 18:30:11,DOOR_ENTRANCE,OPEN
2026-01-06 18:30:31,MOTION_KITCHEN,ON
2026-01-06 18:38:35,DOOR_FRIDGE,OPEN
2026-01-06 18:41:40,MOTION_KITCHEN,ON
2026-01-06 19:10:15,MOTION_KITCHEN,ON
2026-01-06 19:35:07,MOTION_KITCHEN,ON
2026-01-06 20:16:10,MOTION_LIVING,ON
2026-01-06 20:21:10,MOTION_LIVING,ON
2026-01-06 20:31:44,PRESSURE_SOFA,ON
2026-01-06 21:24:19,PRESSURE_SOFA,ON
2026-01-06 22:11:40,MOTION_LIVING,ON
2026-01-06 22:29:58,PRESSURE_SOFA,ON
2026-01-06 22:35:02,PRESSURE_SOFA,ON
2026-01-06 22:42:18,MOTION_BATH,ON
2026-01-06 22:43:49,MOTION_LIVING,ON
2026-01-06 22:44:39,MOTION_LIVING,ON
2026-01-06 23:00:44,MOTION_BEDROOM,ON
2026-01-06 23:19:04,PRESSURE_BED,ON
2026-01-07 06:43:50,PRESSURE_BED,ON
2026-01-07 07:01:27,MOTION_HALL,ON
2026-01-07 07:10:37,MOTION_BEDROOM,ON
2026-01-07 07:24:04,MOTION_KITCHEN,ON
2026-01-07 07:26:10,DOOR_FRIDGE,OPEN
2026-01-07 07:28:52,MOTION_KITCHEN,ON
2026-01-07 07:37:14,MOTION_KITCHEN,ON
2026-01-07 07:40:09,MOTION_KITCHEN,ON
2026-01-07 08:00:38,MOTION_KITCHEN,ON
2026-01-07 08:53:58,MOTION_BATH,ON
2026-01-07 09:00:28,MOTION_BATH,ON
2026-01-07 09:32:47,MOTION_LIVING,ON
2026-01-07 10:00:38,PRESSURE_SOFA,ON
2026-01-07 10:10:38,MOTION_LIVING,ON
2026-01-07 10:49:19,MOTION_LIVING,ON
2026-01-07 11:30:17,MOTION_LIVING,ON
2026-01-07 11:39:31,MOTION_LIVING,ON
2026-01-07 12:06:48,DOOR_FRIDGE,OPEN
2026-01-07 12:10:05,MOTION_KITCHEN,ON
2026-01-07 12:10:48,MOTION_KITCHEN,ON
2026-01-07 12:17:43,MOTION_KITCHEN,ON
2026-01-07 12:18:36,MOTION_KITCHEN,ON
2026-01-07 12:28:37,MOTION_KITCHEN,ON
2026-01-07 13:34:20,MOTION_LIVING,ON
2026-01-07 14:26:44,PRESSURE_SOFA,ON
2026-01-07 14:35:41,MOTION_HALL,ON
2026-01-07 15:25:49,MOTION_LIVING,ON
2026-01-07 15:44:40,PRESSURE_SOFA,ON
2026-01-07 15:47:54,MOTION_LIVING,ON
2026-01-07 16:22:37,MOTION_LIVING,ON
2026-01-07 16:23:25,MOTION_HALL,ON
2026-01-07 16:27:21,PRESSURE_SOFA,ON
2026-01-07 16:31:12,MOTION_LIVING,ON
2026-01-07 16:37:42,MOTION_LIVING,ON
2026-01-07 16:45:05,PRESSURE_SOFA,ON
2026-01-07 18:22:35,MOTION_KITCHEN,ON
2026-01-07 18:23:28,MOTION_KITCHEN,ON
2026-01-07 18:50:10,MOTION_KITCHEN,ON
2026-01-07 18:52:26,DOOR_FRIDGE,OPEN
2026-01-07 19:12:01,MOTION_KITCHEN,ON
2026-01-07 19:40:00,MOTION_KITCHEN,ON
2026-01-07 20:12:07,PRESSURE_SOFA,ON
2026-01-07 21:35:29,MOTION_LIVING,ON
2026-01-07 22:14:12,PRESSURE_SOFA,ON
2026-01-07 22:14:59,PRESSURE_SOFA,ON
2026-01-07 22:23:26,PRESSURE_SOFA,ON
2026-01-07 22:37:17,MOTION_BATH,ON
2026-01-07 22:37:55,MOTION_LIVING,ON
2026-01-07 23:03:21,MOTION_BEDROOM,ON
2026-01-07 23:21:17,PRESSURE_BED,ON
2026-01-08 06:44:46,PRESSURE_BED,ON
2026-01-08 07:00:53,MOTION_BEDROOM,ON
2026-01-08 07:13:37,MOTION_HALL,ON
2026-01-08 07:24:28,MOTION_KITCHEN,ON
2026-01-08 07:30:55,MOTION_KITCHEN,ON
2026-01-08 07:31:21,MOTION_KITCHEN,ON
2026-01-08 07:31:44,DOOR_FRIDGE,OPEN
2026-01-08 07:34:59,MOTION_KITCHEN,ON
2026-01-08 07:37:24,MOTION_KITCHEN,ON
2026-01-08 07:37:30,MOTION_KITCHEN,ON
2026-01-08 07:37:48,MOTION_KITCHEN,ON
2026-01-08 08:00:36,MOTION_KITCHEN,ON
2026-01-08 08:47:14,MOTION_BATH,ON
2026-01-08 09:03:02,MOTION_BATH,ON
2026-01-08 09:13:32,MOTION_LIVING,ON
2026-01-08 09:33:06,MOTION_LIVING,ON
2026-01-08 10:00:26,PRESSURE_SOFA,ON
2026-01-08 10:29:42,MOTION_LIVING,ON
2026-01-08 11:14:31,MOTION_LIVING,ON
2026-01-08 11:26:55,MOTION_LIVING,ON
2026-01-08 11:34:00,MOTION_LIVING,ON
2026-01-08 11:35:45,MOTION_LIVING,ON
2026-01-08 12:07:54,DOOR_FRIDGE,OPEN
2026-01-08 12:12:30,MOTION_KITCHEN,ON
2026-01-08 12:18:21,MOTION_KITCHEN,ON
2026-01-08 12:22:41,MOTION_KITCHEN,ON
2026-01-08 12:29:44,MOTION_KITCHEN,ON
2026-01-08 13:20:43,MOTION_HALL,ON
2026-01-08 13:23:23,PRESSURE_SOFA,ON
2026-01-08 13:33:44,MOTION_LIVING,ON
2026-01-08 15:06:20,MOTION_LIVING,ON
2026-01-08 15:19:05,MOTION_HALL,ON
2026-01-08 16:11:45,MOTION_HALL,ON
2026-01-08 16:25:45,MOTION_HALL,ON
2026-01-08 16:39:39,MOTION_LIVING,ON
2026-01-08 18:15:11,MOTION_KITCHEN,ON
2026-01-08 18:19:29,MOTION_KITCHEN,ON
2026-01-08 18:36:58,MOTION_KITCHEN,ON
2026-01-08 18:44:55,MOTION_KITCHEN,ON
2026-01-08 18:55:16,DOOR_FRIDGE,OPEN
2026-01-08 19:41:43,MOTION_KITCHEN,ON
2026-01-08 19:44:43,MOTION_KITCHEN,ON
2026-01-08 20:41:58,MOTION_LIVING,ON
2026-01-08 21:06:17,PRESSURE_SOFA,ON
2026-01-08 21:11:24,MOTION_LIVING,ON
2026-01-08 21:17:54,PRESSURE_SOFA,ON
2026-01-08 21:23:04,MOTION_LIVING,ON
2026-01-08 21:27:40,PRESSURE_SOFA,ON
2026-01-08 21:47:57,MOTION_LIVING,ON
2026-01-08 21:49:29,PRESSURE_SOFA,ON
2026-01-08 22:27:44,PRESSURE_SOFA,ON
2026-01-08 22:54:47,MOTION_BATH,ON
2026-01-08 23:05:53,MOTION_BEDROOM,ON
2026-01-08 23:14:49,PRESSURE_BED,ON
2026-01-09 06:54:51,PRESSURE_BED,ON
2026-01-09 07:01:14,MOTION_BEDROOM,ON
2026-01-09 07:15:12,MOTION_HALL,ON
2026-01-09 07:21:19,MOTION_KITCHEN,ON
2026-01-09 07:23:57,MOTION_KITCHEN,ON
2026-01-09 07:24:40,MOTION_KITCHEN,ON
2026-01-09 07:29:05,DOOR_FRIDGE,OPEN
2026-01-09 07:34:02,MOTION_KITCHEN,ON
2026-01-09 07:38:23,MOTION_KITCHEN,ON
2026-01-09 07:40:41,MOTION_KITCHEN,ON
2026-01-09 08:00:20,MOTION_KITCHEN,ON
2026-01-09 08:48:11,MOTION_BATH,ON
2026-01-09 09:00:08,MOTION_BATH,ON
2026-01-09 09:14:48,MOTION_LIVING,ON
2026-01-09 09:48:46,MOTION_LIVING,ON
2026-01-09 10:05:16,MOTION_LIVING,ON
2026-01-09 10:07:07,PRESSURE_SOFA,ON
2026-01-09 10:12:29,MOTION_LIVING,ON
2026-01-09 10:15:16,MOTION_LIVING,ON
2026-01-09 10:23:47,MOTION_LIVING,ON
2026-01-09 10:38:32,MOTION_LIVING,ON
2026-01-09 11:28:05,MOTION_LIVING,ON
2026-01-09 11:30:54,MOTION_LIVING,ON
2026-01-09 12:05:39,DOOR_FRIDGE,OPEN
2026-01-09 12:13:43,MOTION_KITCHEN,ON
2026-01-09 12:17:30,MOTION_KITCHEN,ON
2026-01-09 12:18:37,MOTION_KITCHEN,ON
2026-01-09 12:21:43,MOTION_KITCHEN,ON
2026-01-09 12:22:52,MOTION_KITCHEN,ON
2026-01-09 12:30:23,MOTION_KITCHEN,ON
2026-01-09 13:45:58,PRESSURE_SOFA,ON
2026-01-09 13:49:13,PRESSURE_SOFA,ON
2026-01-09 14:07:19,MOTION_LIVING,ON
2026-01-09 14:29:23,PRESSURE_SOFA,ON
2026-01-09 14:31:06,MOTION_HALL,ON
2026-01-09 15:44:41,MOTION_LIVING,ON
2026-01-09 15:46:07,PRESSURE_SOFA,ON
2026-01-09 16:12:15,MOTION_LIVING,ON
2026-01-09 16:42:46,MOTION_HALL,ON
2026-01-09 16:44:17,PRESSURE_SOFA,ON
2026-01-09 18:46:40,MOTION_KITCHEN,ON
2026-01-09 18:54:01,DOOR_FRIDGE,OPEN
2026-01-09 19:08:25,MOTION_KITCHEN,ON
2026-01-09 19:10:42,MOTION_KITCHEN,ON
2026-01-09 19:11:43,MOTION_KITCHEN,ON
2026-01-09 19:17:07,MOTION_KITCHEN,ON
2026-01-09 19:39:57,MOTION_KITCHEN,ON
2026-01-09 20:13:51,PRESSURE_SOFA,ON
2026-01-09 20:26:50,MOTION_LIVING,ON
2026-01-09 21:20:50,MOTION_LIVING,ON
2026-01-09 22:05:54,PRESSURE_SOFA,ON
2026-01-09 22:18:52,MOTION_LIVING,ON
2026-01-09 22:18:53,MOTION_LIVING,ON
2026-01-09 22:40:07,MOTION_BATH,ON
2026-01-09 23:00:08,MOTION_BEDROOM,ON
2026-01-09 23:05:22,PRESSURE_BED,ON
2026-01-10 06:42:37,PRESSURE_BED,ON
2026-01-10 07:00:01,MOTION_BEDROOM,ON
2026-01-10 07:00:16,MOTION_HALL,ON
2026-01-10 07:22:30,MOTION_KITCHEN,ON
2026-01-10 07:23:47,MOTION_KITCHEN,ON
2026-01-10 07:24:47,MOTION_KITCHEN,ON
2026-01-10 07:33:33,MOTION_KITCHEN,ON
2026-01-10 07:39:49,DOOR_FRIDGE,OPEN
2026-01-10 08:01:32,MOTION_KITCHEN,ON
2026-01-10 08:53:06,MOTION_BATH,ON
2026-01-10 09:04:32,MOTION_BATH,ON
2026-01-10 09:35:54,MOTION_LIVING,ON
2026-01-10 09:36:45,MOTION_LIVING,ON
2026-01-10 10:04:04,PRESSURE_SOFA,ON
2026-01-10 10:32:43,MOTION_LIVING,ON
2026-01-10 10:46:01,MOTION_LIVING,ON
2026-01-10 11:07:46,MOTION_LIVING,ON
2026-01-10 11:38:19,MOTION_LIVING,ON
2026-01-10 12:14:04,MOTION_KITCHEN,ON
2026-01-10 12:14:17,MOTION_KITCHEN,ON
2026-01-10 12:20:38,MOTION_KITCHEN,ON
2026-01-10 12:24:40,DOOR_FRIDGE,OPEN
2026-01-10 13:10:06,PRESSURE_SOFA,ON
2026-01-10 13:25:20,PRESSURE_SOFA,ON
2026-01-10 14:31:52,PRESSURE_SOFA,ON
2026-01-10 14:32:56,PRESSURE_SOFA,ON
2026-01-10 15:28:43,MOTION_LIVING,ON
2026-01-10 15:29:33,MOTION_HALL,ON
2026-01-10 15:34:38,MOTION_HALL,ON
2026-01-10 16:09:53,MOTION_LIVING,ON
2026-01-10 16:11:07,MOTION_HALL,ON
2026-01-10 16:30:46,PRESSURE_SOFA,ON
2026-01-10 18:14:42,MOTION_KITCHEN,ON
2026-01-10 18:40:03,MOTION_KITCHEN,ON
2026-01-10 18:50:14,DOOR_FRIDGE,OPEN
2026-01-10 19:11:36,MOTION_KITCHEN,ON
2026-01-10 19:27:55,MOTION_KITCHEN,ON
2026-01-10 19:43:19,MOTION_KITCHEN,ON
2026-01-10 19:47:07,MOTION_KITCHEN,ON
2026-01-10 19:51:03,MOTION_KITCHEN,ON
2026-01-10 20:22:58,PRESSURE_SOFA,ON
2026-01-10 21:27:11,MOTION_LIVING,ON
2026-01-10 21:40:07,PRESSURE_SOFA,ON
2026-01-10 21:40:38,MOTION_LIVING,ON
2026-01-10 21:41:51,MOTION_LIVING,ON
2026-01-10 22:39:36,MOTION_BATH,ON
2026-01-10 22:49:01,PRESSURE_SOFA,ON
2026-01-10 23:02:04,MOTION_BEDROOM,ON
2026-01-10 23:09:47,PRESSURE_BED,ON
2026-01-11 06:35:05,PRESSURE_BED,ON
2026-01-11 07:06:13,MOTION_BEDROOM,ON
2026-01-11 07:07:26,MOTION_HALL,ON
2026-01-11 07:21:09,MOTION_KITCHEN,ON
2026-01-11 07:22:56,MOTION_KITCHEN,ON
2026-01-11 07:25:48,MOTION_KITCHEN,ON
2026-01-11 07:30:10,MOTION_KITCHEN,ON
2026-01-11 07:30:49,MOTION_KITCHEN,ON
2026-01-11 07:31:19,MOTION_KITCHEN,ON
2026-01-11 07:38:38,MOTION_KITCHEN,ON
2026-01-11 07:44:03,DOOR_FRIDGE,OPEN
2026-01-11 08:00:17,MOTION_KITCHEN,ON
2026-01-11 08:49:42,MOTION_BATH,ON
2026-01-11 09:03:31,MOTION_BATH,ON
2026-01-11 09:19:25,MOTION_LIVING,ON
2026-01-11 09:23:43,MOTION_LIVING,ON
2026-01-11 09:24:13,MOTION_LIVING,ON
2026-01-11 09:27:27,MOTION_LIVING,ON
2026-01-11 09:53:32,MOTION_LIVING,ON
2026-01-11 10:00:48,PRESSURE_SOFA,ON
2026-01-11 10:31:17,MOTION_LIVING,ON
2026-01-11 11:08:00,MOTION_LIVING,ON
2026-01-11 11:42:31,MOTION_LIVING,ON
2026-01-11 11:47:19,MOTION_LIVING,ON
2026-01-11 12:13:00,MOTION_KITCHEN,ON
2026-01-11 12:14:24,MOTION_KITCHEN,ON
2026-01-11 12:19:20,MOTION_KITCHEN,ON
2026-01-11 12:22:45,DOOR_FRIDGE,OPEN
2026-01-11 12:23:11,MOTION_KITCHEN,ON
2026-01-11 12:25:47,MOTION_KITCHEN,ON
2026-01-11 13:25:27,MOTION_HALL,ON
2026-01-11 13:32:29,MOTION_LIVING,ON
2026-01-11 15:09:55,PRESSURE_SOFA,ON
2026-01-11 15:10:54,PRESSURE_SOFA,ON
2026-01-11 15:12:01,PRESSURE_SOFA,ON
2026-01-11 15:15:29,MOTION_HALL,ON
2026-01-11 16:50:26,MOTION_HALL,ON
2026-01-11 17:33:37,DOOR_ENTRANCE,OPEN
2026-01-11 18:09:32,MOTION_KITCHEN,ON
2026-01-11 18:32:33,DOOR_ENTRANCE,OPEN
2026-01-11 18:38:32,MOTION_KITCHEN,ON
2026-01-11 18:46:46,DOOR_FRIDGE,OPEN
2026-01-11 18:54:22,MOTION_KITCHEN,ON
2026-01-11 19:19:21,MOTION_KITCHEN,ON
2026-01-11 19:24:47,MOTION_KITCHEN,ON
2026-01-11 20:11:16,MOTION_LIVING,ON
2026-01-11 20:16:48,MOTION_LIVING,ON
2026-01-11 22:09:49,MOTION_LIVING,ON
2026-01-11 22:25:28,MOTION_LIVING,ON
2026-01-11 22:36:48,PRESSURE_SOFA,ON
2026-01-11 22:37:30,MOTION_BATH,ON
2026-01-11 22:46:55,PRESSURE_SOFA,ON
2026-01-11 22:53:43,PRESSURE_SOFA,ON
2026-01-11 23:04:40,MOTION_BEDROOM,ON
2026-01-11 23:14:50,PRESSURE_BED,ON
2026-01-12 06:36:22,PRESSURE_BED,ON
2026-01-12 07:04:29,MOTION_HALL,ON
2026-01-12 07:06:04,MOTION_BEDROOM,ON
2026-01-12 07:21:03,MOTION_KITCHEN,ON
2026-01-12 07:22:39,MOTION_KITCHEN,ON
2026-01-12 07:29:04,MOTION_KITCHEN,ON
2026-01-12 07:31:53,MOTION_KITCHEN,ON
2026-01-12 07:32:29,MOTION_KITCHEN,ON
2026-01-12 07:39:32,MOTION_KITCHEN,ON
2026-01-12 07:40:55,MOTION_KITCHEN,ON
2026-01-12 07:43:35,DOOR_FRIDGE,OPEN
2026-01-12 08:00:28,MOTION_KITCHEN,ON
2026-01-12 08:53:41,MOTION_BATH,ON
2026-01-12 09:00:20,MOTION_BATH,ON
2026-01-12 09:20:45,MOTION_LIVING,ON
2026-01-12 09:33:06,MOTION_LIVING,ON
2026-01-12 10:00:43,PRESSURE_SOFA,ON
2026-01-12 10:28:58,MOTION_LIVING,ON
2026-01-12 10:29:26,MOTION_LIVING,ON
2026-01-12 10:33:33,MOTION_LIVING,ON
2026-01-12 10:37:09,MOTION_LIVING,ON
2026-01-12 10:50:05,MOTION_LIVING,ON
2026-01-12 11:44:10,MOTION_LIVING,ON
2026-01-12 11:46:11,MOTION_LIVING,ON
2026-01-12 12:20:04,MOTION_KITCHEN,ON
2026-01-12 12:20:06,MOTION_KITCHEN,ON
2026-01-12 12:22:43,DOOR_FRIDGE,OPEN
2026-01-12 12:30:41,MOTION_KITCHEN,ON
2026-01-12 13:24:24,MOTION_HALL,ON
2026-01-12 13:46:27,MOTION_HALL,ON
2026-01-12 14:18:49,PRESSURE_SOFA,ON
2026-01-12 14:26:37,MOTION_LIVING,ON
2026-01-12 14:27:41,PRESSURE_SOFA,ON
2026-01-12 15:06:19,PRESSURE_SOFA,ON
2026-01-12 15:13:44,MOTION_HALL,ON
2026-01-12 15:21:54,MOTION_HALL,ON
2026-01-12 16:13:45,MOTION_HALL,ON
2026-01-12 18:14:04,MOTION_KITCHEN,ON
2026-01-12 18:15:11,MOTION_KITCHEN,ON
2026-01-12 18:36:26,DOOR_FRIDGE,OPEN
2026-01-12 18:43:24,MOTION_KITCHEN,ON
2026-01-12 18:47:21,MOTION_KITCHEN,ON
2026-01-12 18:51:28,MOTION_KITCHEN,ON
2026-01-12 19:55:06,MOTION_KITCHEN,ON
2026-01-12 20:43:55,MOTION_LIVING,ON
2026-01-12 21:17:43,PRESSURE_SOFA,ON
2026-01-12 21:54:32,PRESSURE_SOFA,ON
2026-01-12 22:20:51,PRESSURE_SOFA,ON
2026-01-12 22:23:14,PRESSURE_SOFA,ON
2026-01-12 22:31:52,MOTION_LIVING,ON
2026-01-12 22:33:49,PRESSURE_SOFA,ON
2026-01-12 22:43:03,MOTION_BATH,ON
2026-01-12 22:51:28,MOTION_LIVING,ON
2026-01-12 23:10:30,MOTION_BEDROOM,ON
2026-01-12 23:16:35,PRESSURE_BED,ON
2026-01-13 06:51:54,PRESSURE_BED,ON
2026-01-13 07:00:18,MOTION_BEDROOM,ON
2026-01-13 07:00:48,MOTION_HALL,ON
2026-01-13 07:27:52,MOTION_KITCHEN,ON
2026-01-13 07:28:28,MOTION_KITCHEN,ON
2026-01-13 07:33:05,MOTION_KITCHEN,ON
2026-01-13 07:34:56,MOTION_KITCHEN,ON
2026-01-13 07:36:09,MOTION_KITCHEN,ON
2026-01-13 07:36:59,DOOR_FRIDGE,OPEN
2026-01-13 08:00:26,MOTION_KITCHEN,ON
2026-01-13 08:36:25,MOTION_BATH,ON
2026-01-13 09:06:20,MOTION_LIVING,ON
2026-01-13 09:06:23,MOTION_BATH,ON
2026-01-13 09:07:18,MOTION_LIVING,ON
2026-01-13 09:50:41,MOTION_LIVING,ON
2026-01-13 10:00:48,PRESSURE_SOFA,ON
2026-01-13 10:10:23,MOTION_LIVING,ON
2026-01-13 10:49:53,MOTION_LIVING,ON
2026-01-13 10:55:09,MOTION_LIVING,ON
2026-01-13 12:10:57,MOTION_KITCHEN,ON
2026-01-13 12:12:01,MOTION_KITCHEN,ON
2026-01-13 12:14:35,MOTION_KITCHEN,ON
2026-01-13 12:18:07,DOOR_FRIDGE,OPEN
2026-01-13 12:18:13,MOTION_KITCHEN,ON
2026-01-13 12:24:39,MOTION_KITCHEN,ON
2026-01-13 12:29:33,MOTION_KITCHEN,ON
2026-01-13 13:20:40,PRESSURE_SOFA,ON
2026-01-13 13:27:22,MOTION_LIVING,ON
2026-01-13 13:29:02,PRESSURE_SOFA,ON
2026-01-13 13:38:04,PRESSURE_SOFA,ON
2026-01-13 14:41:11,PRESSURE_SOFA,ON
2026-01-13 14:50:18,MOTION_LIVING,ON
2026-01-13 14:51:40,MOTION_HALL,ON
2026-01-13 15:20:07,PRESSURE_SOFA,ON
2026-01-13 16:05:22,MOTION_HALL,ON
2026-01-13 16:09:53,MOTION_LIVING,ON
2026-01-13 16:28:47,PRESSURE_SOFA,ON
2026-01-13 16:43:01,MOTION_HALL,ON
2026-01-13 17:38:47,DOOR_ENTRANCE,OPEN
2026-01-13 18:13:04,MOTION_KITCHEN,ON
2026-01-13 18:30:08,DOOR_ENTRANCE,OPEN
2026-01-13 18:41:02,DOOR_FRIDGE,OPEN
2026-01-13 18:54:43,MOTION_KITCHEN,ON
2026-01-13 19:07:18,MOTION_KITCHEN,ON
2026-01-13 19:39:21,MOTION_KITCHEN,ON
2026-01-13 19:49:30,MOTION_KITCHEN,ON
2026-01-13 20:25:32,PRESSURE_SOFA,ON
2026-01-13 20:53:18,MOTION_LIVING,ON
2026-01-13 21:29:11,PRESSURE_SOFA,ON
2026-01-13 21:32:47,PRESSURE_SOFA,ON
2026-01-13 21:39:16,PRESSURE_SOFA,ON
2026-01-13 21:54:55,MOTION_LIVING,ON
2026-01-13 22:26:07,PRESSURE_SOFA,ON
2026-01-13 22:50:44,MOTION_BATH,ON
2026-01-13 23:05:23,MOTION_BEDROOM,ON
2026-01-13 23:21:17,PRESSURE_BED,ON
2026-01-14 06:48:05,PRESSURE_BED,ON
2026-01-14 07:00:34,MOTION_HALL,ON
2026-01-14 07:03:38,MOTION_BEDROOM,ON
2026-01-14 07:22:20,MOTION_KITCHEN,ON
2026-01-14 07:29:19,MOTION_KITCHEN,ON
2026-01-14 07:30:06,MOTION_KITCHEN,ON
2026-01-14 07:33:10,MOTION_KITCHEN,ON
2026-01-14 07:34:22,MOTION_KITCHEN,ON
2026-01-14 07:34:38,MOTION_KITCHEN,ON
2026-01-14 07:39:02,DOOR_FRIDGE,OPEN
2026-01-14 08:01:39,MOTION_KITCHEN,ON
2026-01-14 08:48:17,MOTION_BATH,ON
2026-01-14 09:10:50,MOTION_BATH,ON
2026-01-14 09:14:54,MOTION_LIVING,ON
2026-01-14 09:47:40,MOTION_LIVING,ON
2026-01-14 10:04:02,PRESSURE_SOFA,ON
2026-01-14 10:28:32,MOTION_LIVING,ON
2026-01-14 11:48:10,MOTION_LIVING,ON
2026-01-14 11:48:50,MOTION_LIVING,ON
2026-01-14 12:12:15,MOTION_KITCHEN,ON
2026-01-14 12:21:24,MOTION_KITCHEN,ON
2026-01-14 12:24:09,DOOR_FRIDGE,OPEN
2026-01-14 12:28:02,MOTION_KITCHEN,ON
2026-01-14 12:30:23,MOTION_KITCHEN,ON
2026-01-14 13:21:45,PRESSURE_SOFA,ON
2026-01-14 13:33:57,MOTION_LIVING,ON
2026-01-14 13:41:33,MOTION_LIVING,ON
2026-01-14 14:36:24,MOTION_HALL,ON
2026-01-14 15:20:01,MOTION_LIVING,ON
2026-01-14 15:30:41,PRESSURE_SOFA,ON
2026-01-14 15:47:45,PRESSURE_SOFA,ON
2026-01-14 16:10:54,MOTION_HALL,ON
2026-01-14 16:17:08,MOTION_LIVING,ON
2026-01-14 16:18:18,MOTION_HALL,ON
2026-01-14 16:28:28,PRESSURE_SOFA,ON
2026-01-14 17:37:18,DOOR_ENTRANCE,OPEN
2026-01-14 18:12:12,MOTION_KITCHEN,ON
2026-01-14 18:20:50,MOTION_KITCHEN,ON
2026-01-14 18:29:54,DOOR_ENTRANCE,OPEN
2026-01-14 18:37:04,DOOR_FRIDGE,OPEN
2026-01-14 18:44:56,MOTION_KITCHEN,ON
2026-01-14 18:55:23,MOTION_KITCHEN,ON
2026-01-14 19:06:23,MOTION_KITCHEN,ON
2026-01-14 19:34:51,MOTION_KITCHEN,ON
2026-01-14 20:32:53,MOTION_LIVING,ON
2026-01-14 20:38:19,MOTION_LIVING,ON
2026-01-14 21:50:33,PRESSURE_SOFA,ON
2026-01-14 21:54:52,PRESSURE_SOFA,ON
2026-01-14 22:09:20,MOTION_LIVING,ON
2026-01-14 22:09:29,PRESSURE_SOFA,ON
2026-01-14 22:38:08,PRESSURE_SOFA,ON
2026-01-14 22:40:10,MOTION_BATH,ON
2026-01-14 22:45:49,MOTION_LIVING,ON
2026-01-14 23:00:59,MOTION_BEDROOM,ON
2026-01-14 23:12:22,PRESSURE_BED,ON
2026-01-15 06:51:57,PRESSURE_BED,ON
2026-01-15 07:00:16,MOTION_HALL,ON
2026-01-15 07:00:54,MOTION_BEDROOM,ON
2026-01-15 07:22:32,MOTION_KITCHEN,ON
2026-01-15 07:28:08,MOTION_KITCHEN,ON
2026-01-15 07:39:34,MOTION_KITCHEN,ON
2026-01-15 07:40:19,MOTION_KITCHEN,ON
2026-01-15 07:40:35,MOTION_KITCHEN,ON
2026-01-15 07:45:10,DOOR_FRIDGE,OPEN
2026-01-15 08:08:37,MOTION_KITCHEN,ON
2026-01-15 08:39:10,MOTION_BATH,ON
2026-01-15 09:09:46,MOTION_BATH,ON
2026-01-15 09:10:02,MOTION_LIVING,ON
2026-01-15 09:48:25,MOTION_LIVING,ON
2026-01-15 10:00:29,PRESSURE_SOFA,ON
2026-01-15 10:41:02,MOTION_LIVING,ON
2026-01-15 10:46:13,MOTION_LIVING,ON
2026-01-15 11:06:31,MOTION_LIVING,ON
2026-01-15 11:24:30,MOTION_LIVING,ON
2026-01-15 11:31:39,MOTION_LIVING,ON
2026-01-15 11:39:18,MOTION_LIVING,ON
2026-01-15 11:54:36,MOTION_LIVING,ON
2026-01-15 12:11:10,MOTION_KITCHEN,ON
2026-01-15 12:11:21,DOOR_FRIDGE,OPEN
2026-01-15 12:24:26,MOTION_KITCHEN,ON
2026-01-15 12:25:29,MOTION_KITCHEN,ON
2026-01-15 13:08:24,PRESSURE_SOFA,ON
2026-01-15 14:25:20,MOTION_HALL,ON
2026-01-15 14:53:31,MOTION_LIVING,ON
2026-01-15 15:20:07,PRESSURE_SOFA,ON
2026-01-15 15:30:48,MOTION_LIVING,ON
2026-01-15 15:33:09,MOTION_LIVING,ON
2026-01-15 15:37:06,MOTION_HALL,ON
2026-01-15 15:41:20,MOTION_HALL,ON
2026-01-15 16:20:52,MOTION_LIVING,ON
2026-01-15 16:36:31,PRESSURE_SOFA,ON
2026-01-15 17:32:32,DOOR_ENTRANCE,OPEN
2026-01-15 18:11:27,MOTION_KITCHEN,ON
2026-01-15 18:21:46,MOTION_KITCHEN,ON
2026-01-15 18:34:15,DOOR_ENTRANCE,OPEN
2026-01-15 18:46:02,DOOR_FRIDGE,OPEN
2026-01-15 19:08:03,MOTION_KITCHEN,ON
2026-01-15 19:23:34,MOTION_KITCHEN,ON
2026-01-15 19:36:38,MOTION_KITCHEN,ON
2026-01-15 19:53:25,MOTION_KITCHEN,ON
2026-01-15 20:07:08,MOTION_LIVING,ON
2026-01-15 20:17:32,PRESSURE_SOFA,ON
2026-01-15 20:30:50,PRESSURE_SOFA,ON
2026-01-15 20:41:23,MOTION_LIVING,ON
2026-01-15 21:40:48,PRESSURE_SOFA,ON
2026-01-15 22:23:24,MOTION_LIVING,ON
2026-01-15 22:26:33,PRESSURE_SOFA,ON
2026-01-15 22:33:52,PRESSURE_SOFA,ON
2026-01-15 22:48:08,MOTION_LIVING,ON
2026-01-15 22:49:09,MOTION_BATH,ON
2026-01-15 23:09:57,MOTION_BEDROOM,ON
2026-01-15 23:21:08,PRESSURE_BED,ON
2026-01-16 06:54:20,PRESSURE_BED,ON
2026-01-16 07:00:25,MOTION_BEDROOM,ON
2026-01-16 07:14:47,MOTION_HALL,ON
2026-01-16 07:25:23,DOOR_FRIDGE,OPEN
2026-01-16 07:35:45,MOTION_KITCHEN,ON
2026-01-16 07:35:52,MOTION_KITCHEN,ON
2026-01-16 07:36:34,MOTION_KITCHEN,ON
2026-01-16 07:36:53,MOTION_KITCHEN,ON
2026-01-16 07:38:19,MOTION_KITCHEN,ON
2026-01-16 07:38:21,MOTION_KITCHEN,ON
2026-01-16 08:00:43,MOTION_KITCHEN,ON
2026-01-16 08:38:26,MOTION_BATH,ON
2026-01-16 09:08:19,MOTION_BATH,ON
2026-01-16 10:10:46,PRESSURE_SOFA,ON
2026-01-16 10:15:33,MOTION_LIVING,ON
2026-01-16 11:08:37,MOTION_LIVING,ON
2026-01-16 11:35:16,MOTION_LIVING,ON
2026-01-16 11:41:14,MOTION_LIVING,ON
2026-01-16 11:55:49,MOTION_LIVING,ON
2026-01-16 12:09:26,DOOR_FRIDGE,OPEN
2026-01-16 12:10:28,MOTION_KITCHEN,ON
2026-01-16 12:13:12,MOTION_KITCHEN,ON
2026-01-16 12:14:52,MOTION_KITCHEN,ON
2026-01-16 12:17:02,MOTION_KITCHEN,ON
2026-01-16 12:20:26,MOTION_KITCHEN,ON
2026-01-16 12:28:44,MOTION_KITCHEN,ON
2026-01-16 14:22:19,MOTION_HALL,ON
2026-01-16 14:24:45,PRESSURE_SOFA,ON
2026-01-16 14:31:49,MOTION_HALL,ON
2026-01-16 14:38:35,MOTION_LIVING,ON
2026-01-16 14:49:31,MOTION_HALL,ON
2026-01-16 15:35:35,PRESSURE_SOFA,ON
2026-01-16 15:39:43,PRESSURE_SOFA,ON
2026-01-16 15:44:12,PRESSURE_SOFA,ON
2026-01-16 15:47:33,PRESSURE_SOFA,ON
2026-01-16 16:25:29,MOTION_LIVING,ON
2026-01-16 16:52:03,MOTION_HALL,ON
2026-01-16 18:23:02,MOTION_KITCHEN,ON
2026-01-16 18:41:12,DOOR_FRIDGE,OPEN
2026-01-16 19:12:36,MOTION_KITCHEN,ON
2026-01-16 19:30:52,MOTION_KITCHEN,ON
2026-01-16 19:33:41,MOTION_KITCHEN,ON
2026-01-16 19:50:05,MOTION_KITCHEN,ON
2026-01-16 19:52:30,MOTION_KITCHEN,ON
2026-01-16 19:54:51,MOTION_KITCHEN,ON
2026-01-16 20:08:26,MOTION_LIVING,ON
2026-01-16 20:44:15,MOTION_LIVING,ON
2026-01-16 20:47:40,MOTION_LIVING,ON
2026-01-16 20:54:41,MOTION_LIVING,ON
2026-01-16 21:25:41,PRESSURE_SOFA,ON
2026-01-16 21:35:48,MOTION_LIVING,ON
2026-01-16 21:40:08,PRESSURE_SOFA,ON
2026-01-16 21:50:06,PRESSURE_SOFA,ON
2026-01-16 22:15:41,PRESSURE_SOFA,ON
2026-01-16 22:53:14,MOTION_BATH,ON
2026-01-16 22:54:00,MOTION_LIVING,ON
2026-01-16 23:06:58,PRESSURE_BED,ON
2026-01-16 23:07:47,MOTION_BEDROOM,ON
2026-01-17 06:48:56,PRESSURE_BED,ON
2026-01-17 07:00:53,MOTION_HALL,ON
2026-01-17 07:00:59,MOTION_BEDROOM,ON
2026-01-17 07:21:00,MOTION_KITCHEN,ON
2026-01-17 07:29:36,MOTION_KITCHEN,ON
2026-01-17 07:29:56,MOTION_KITCHEN,ON
2026-01-17 07:30:18,MOTION_KITCHEN,ON
2026-01-17 07:34:41,MOTION_KITCHEN,ON
2026-01-17 07:35:11,MOTION_KITCHEN,ON
2026-01-17 07:39:06,MOTION_KITCHEN,ON
2026-01-17 07:42:33,DOOR_FRIDGE,OPEN
2026-01-17 08:05:56,MOTION_KITCHEN,ON
2026-01-17 08:39:54,MOTION_BATH,ON
2026-01-17 09:05:47,MOTION_LIVING,ON
2026-01-17 09:06:29,MOTION_BATH,ON
2026-01-17 09:12:21,MOTION_LIVING,ON
2026-01-17 09:16:39,MOTION_LIVING,ON
2026-01-17 09:51:29,MOTION_LIVING,ON
2026-01-17 10:10:57,PRESSURE_SOFA,ON
2026-01-17 10:55:18,MOTION_LIVING,ON
2026-01-17 11:21:45,MOTION_LIVING,ON
2026-01-17 11:48:48,MOTION_LIVING,ON
2026-01-17 12:12:00,DOOR_FRIDGE,OPEN
2026-01-17 12:13:11,MOTION_KITCHEN,ON
2026-01-17 12:14:30,MOTION_KITCHEN,ON
2026-01-17 12:20:05,MOTION_KITCHEN,ON
2026-01-17 12:20:59,MOTION_KITCHEN,ON
2026-01-17 12:22:42,MOTION_KITCHEN,ON
2026-01-17 12:23:32,MOTION_KITCHEN,ON
2026-01-17 13:21:23,MOTION_HALL,ON
2026-01-17 14:08:07,MOTION_HALL,ON
2026-01-17 14:13:09,PRESSURE_SOFA,ON
2026-01-17 15:26:37,PRESSURE_SOFA,ON
2026-01-17 15:28:14,MOTION_HALL,ON
2026-01-17 15:49:40,MOTION_LIVING,ON
2026-01-17 16:20:48,PRESSURE_SOFA,ON
2026-01-17 16:24:25,MOTION_LIVING,ON
2026-01-17 18:08:53,MOTION_KITCHEN,ON
2026-01-17 18:15:20,MOTION_KITCHEN,ON
2026-01-17 18:38:28,MOTION_KITCHEN,ON
2026-01-17 18:41:34,MOTION_KITCHEN,ON
2026-01-17 18:41:45,DOOR_FRIDGE,OPEN
2026-01-17 18:53:15,MOTION_KITCHEN,ON
2026-01-17 19:09:58,MOTION_KITCHEN,ON
2026-01-17 19:12:43,MOTION_KITCHEN,ON
2026-01-17 19:31:44,MOTION_KITCHEN,ON
2026-01-17 19:53:34,MOTION_KITCHEN,ON
2026-01-17 20:07:22,PRESSURE_SOFA,ON
2026-01-17 20:30:52,PRESSURE_SOFA,ON
2026-01-17 20:34:32,MOTION_LIVING,ON
2026-01-17 20:35:18,MOTION_LIVING,ON
2026-01-17 20:52:37,MOTION_LIVING,ON
2026-01-17 21:10:51,PRESSURE_SOFA,ON
2026-01-17 21:16:49,MOTION_LIVING,ON
2026-01-17 21:34:35,MOTION_LIVING,ON
2026-01-17 21:48:46,PRESSURE_SOFA,ON
2026-01-17 22:09:59,MOTION_LIVING,ON
2026-01-17 22:55:46,MOTION_BATH,ON
2026-01-17 23:10:26,MOTION_BEDROOM,ON
2026-01-17 23:16:57,PRESSURE_BED,ON
2026-01-18 06:47:24,PRESSURE_BED,ON
2026-01-18 07:00:43,MOTION_BEDROOM,ON
2026-01-18 07:12:08,MOTION_HALL,ON
2026-01-18 07:20:19,MOTION_KITCHEN,ON
2026-01-18 07:20:48,MOTION_KITCHEN,ON
2026-01-18 07:23:11,MOTION_KITCHEN,ON
2026-01-18 07:27:53,MOTION_KITCHEN,ON
2026-01-18 07:36:08,MOTION_KITCHEN,ON
2026-01-18 07:37:25,MOTION_KITCHEN,ON
2026-01-18 07:39:43,DOOR_FRIDGE,OPEN
2026-01-18 08:07:27,MOTION_KITCHEN,ON
2026-01-18 08:52:24,MOTION_BATH,ON
2026-01-18 09:00:15,MOTION_BATH,ON
2026-01-18 09:07:51,MOTION_LIVING,ON
2026-01-18 09:11:38,MOTION_LIVING,ON
2026-01-18 09:20:13,MOTION_LIVING,ON
2026-01-18 09:33:38,MOTION_LIVING,ON
2026-01-18 09:51:48,MOTION_LIVING,ON
2026-01-18 10:00:15,PRESSURE_SOFA,ON
2026-01-18 10:14:17,MOTION_LIVING,ON
2026-01-18 11:31:39,MOTION_LIVING,ON
2026-01-18 11:50:55,MOTION_LIVING,ON
2026-01-18 12:06:08,DOOR_FRIDGE,OPEN
2026-01-18 12:16:48,MOTION_KITCHEN,ON
2026-01-18 12:17:34,MOTION_KITCHEN,ON
2026-01-18 12:22:28,MOTION_KITCHEN,ON
2026-01-18 14:45:27,MOTION_HALL,ON
2026-01-18 14:47:14,MOTION_HALL,ON
2026-01-18 15:19:36,MOTION_HALL,ON
2026-01-18 15:20:56,PRESSURE_SOFA,ON
2026-01-18 15:41:49,MOTION_HALL,ON
2026-01-18 16:08:41,PRESSURE_SOFA,ON
2026-01-18 16:16:30,MOTION_HALL,ON
2026-01-18 16:24:03,PRESSURE_SOFA,ON
2026-01-18 16:31:19,MOTION_LIVING,ON
2026-01-18 16:55:20,MOTION_HALL,ON
2026-01-18 17:27:19,DOOR_ENTRANCE,OPEN
2026-01-18 18:08:17,MOTION_KITCHEN,ON
2026-01-18 18:24:51,DOOR_ENTRANCE,OPEN
2026-01-18 18:29:15,MOTION_KITCHEN,ON
2026-01-18 18:33:54,MOTION_KITCHEN,ON
2026-01-18 18:40:26,MOTION_KITCHEN,ON
2026-01-18 18:54:02,DOOR_FRIDGE,OPEN
2026-01-18 19:10:34,MOTION_KITCHEN,ON
2026-01-18 19:18:21,MOTION_KITCHEN,ON
2026-01-18 19:40:33,MOTION_KITCHEN,ON
2026-01-18 19:48:38,MOTION_KITCHEN,ON
2026-01-18 20:18:47,MOTION_LIVING,ON
2026-01-18 20:26:58,PRESSURE_SOFA,ON
2026-01-18 20:40:49,PRESSURE_SOFA,ON
2026-01-18 20:49:25,MOTION_LIVING,ON
2026-01-18 20:52:58,PRESSURE_SOFA,ON
2026-01-18 20:53:30,MOTION_LIVING,ON
2026-01-18 22:44:24,MOTION_BATH,ON
2026-01-18 23:04:34,MOTION_BEDROOM,ON
2026-01-18 23:25:22,PRESSURE_BED,ON
2026-01-19 06:46:32,PRESSURE_BED,ON
2026-01-19 07:00:51,MOTION_HALL,ON
2026-01-19 07:05:29,MOTION_BEDROOM,ON
2026-01-19 07:21:36,MOTION_KITCHEN,ON
2026-01-19 07:24:01,MOTION_KITCHEN,ON
2026-01-19 07:26:23,MOTION_KITCHEN,ON
2026-01-19 07:27:47,MOTION_KITCHEN,ON
2026-01-19 07:28:35,MOTION_KITCHEN,ON
2026-01-19 07:30:26,MOTION_KITCHEN,ON
2026-01-19 07:30:58,MOTION_KITCHEN,ON
2026-01-19 07:43:37,DOOR_FRIDGE,OPEN
2026-01-19 08:03:18,MOTION_KITCHEN,ON
2026-01-19 08:39:12,MOTION_BATH,ON
2026-01-19 09:00:14,MOTION_BATH,ON
2026-01-19 09:51:50,MOTION_LIVING,ON
2026-01-19 10:00:58,PRESSURE_SOFA,ON
2026-01-19 10:15:08,MOTION_LIVING,ON
2026-01-19 10:21:48,MOTION_LIVING,ON
2026-01-19 10:51:41,MOTION_LIVING,ON
2026-01-19 11:20:31,MOTION_LIVING,ON
2026-01-19 11:36:29,MOTION_LIVING,ON
2026-01-19 11:39:31,MOTION_LIVING,ON
2026-01-19 11:46:43,MOTION_LIVING,ON
2026-01-19 12:05:26,DOOR_FRIDGE,OPEN
2026-01-19 12:11:48,MOTION_KITCHEN,ON
2026-01-19 12:12:52,MOTION_KITCHEN,ON
2026-01-19 12:26:02,MOTION_KITCHEN,ON
2026-01-19 13:06:46,MOTION_HALL,ON
2026-01-19 13:18:29,MOTION_HALL,ON
2026-01-19 13:39:26,MOTION_HALL,ON
2026-01-19 14:09:09,MOTION_HALL,ON
2026-01-19 15:08:40,MOTION_HALL,ON
2026-01-19 15:39:01,PRESSURE_SOFA,ON
2026-01-19 16:47:01,PRESSURE_SOFA,ON
2026-01-19 18:11:58,MOTION_KITCHEN,ON
2026-01-19 18:17:39,MOTION_KITCHEN,ON
2026-01-19 18:37:41,DOOR_FRIDGE,OPEN
2026-01-19 18:38:09,MOTION_KITCHEN,ON
2026-01-19 18:49:14,MOTION_KITCHEN,ON
2026-01-19 19:10:23,MOTION_KITCHEN,ON
2026-01-19 19:27:17,MOTION_KITCHEN,ON
2026-01-19 19:34:36,MOTION_KITCHEN,ON
2026-01-19 19:48:52,MOTION_KITCHEN,ON
2026-01-19 20:30:24,PRESSURE_SOFA,ON
2026-01-19 20:38:14,MOTION_LIVING,ON
2026-01-19 20:49:05,MOTION_LIVING,ON
2026-01-19 20:49:17,PRESSURE_SOFA,ON
2026-01-19 21:32:36,PRESSURE_SOFA,ON
2026-01-19 22:35:40,MOTION_LIVING,ON
2026-01-19 22:36:59,MOTION_BATH,ON
2026-01-19 23:00:43,MOTION_BEDROOM,ON
2026-01-19 23:13:57,PRESSURE_BED,ON
2026-01-20 03:28:52,MOTION_BATH,ON
2026-01-20 06:36:11,PRESSURE_BED,ON
2026-01-20 07:00:01,MOTION_BEDROOM,ON
2026-01-20 07:01:37,MOTION_HALL,ON
2026-01-20 07:22:19,MOTION_KITCHEN,ON
2026-01-20 07:25:36,MOTION_KITCHEN,ON
2026-01-20 07:27:36,MOTION_KITCHEN,ON
2026-01-20 07:32:43,MOTION_KITCHEN,ON
2026-01-20 07:32:59,MOTION_KITCHEN,ON
2026-01-20 07:42:21,DOOR_FRIDGE,OPEN
2026-01-20 08:02:48,MOTION_KITCHEN,ON
2026-01-20 08:39:50,MOTION_BATH,ON
2026-01-20 09:00:32,MOTION_BATH,ON
2026-01-20 09:09:21,MOTION_LIVING,ON
2026-01-20 09:11:27,MOTION_LIVING,ON
2026-01-20 10:06:40,MOTION_LIVING,ON
2026-01-20 10:07:24,PRESSURE_SOFA,ON
2026-01-20 10:19:22,MOTION_LIVING,ON
2026-01-20 10:55:28,MOTION_LIVING,ON
2026-01-20 11:30:49,MOTION_LIVING,ON
2026-01-20 11:54:39,MOTION_LIVING,ON
2026-01-20 12:12:05,MOTION_KITCHEN,ON
2026-01-20 12:13:09,DOOR_FRIDGE,OPEN
2026-01-20 12:15:43,MOTION_KITCHEN,ON
2026-01-20 12:17:45,MOTION_KITCHEN,ON
2026-01-20 12:22:05,MOTION_KITCHEN,ON
2026-01-20 12:28:42,MOTION_KITCHEN,ON
2026-01-20 12:29:18,MOTION_KITCHEN,ON
2026-01-20 14:32:35,PRESSURE_SOFA,ON
2026-01-20 14:52:20,PRESSURE_SOFA,ON
2026-01-20 15:11:00,MOTION_LIVING,ON
2026-01-20 15:11:05,MOTION_LIVING,ON
2026-01-20 15:29:18,MOTION_LIVING,ON
2026-01-20 15:33:48,PRESSURE_SOFA,ON
2026-01-20 15:40:38,MOTION_LIVING,ON
2026-01-20 16:11:05,MOTION_LIVING,ON
2026-01-20 16:29:46,MOTION_LIVING,ON
2026-01-20 18:09:10,MOTION_KITCHEN,ON
2026-01-20 18:13:17,MOTION_KITCHEN,ON
2026-01-20 18:37:23,DOOR_FRIDGE,OPEN
2026-01-20 18:48:24,MOTION_KITCHEN,ON
2026-01-20 19:22:26,MOTION_KITCHEN,ON
2026-01-20 19:22:31,MOTION_KITCHEN,ON
2026-01-20 19:35:50,MOTION_KITCHEN,ON
2026-01-20 20:24:25,MOTION_LIVING,ON
2026-01-20 20:51:38,PRESSURE_SOFA,ON
2026-01-20 21:16:20,PRESSURE_SOFA,ON
2026-01-20 21:33:27,PRESSURE_SOFA,ON
2026-01-20 21:43:30,MOTION_LIVING,ON
2026-01-20 21:44:51,PRESSURE_SOFA,ON
2026-01-20 22:17:06,PRESSURE_SOFA,ON
2026-01-20 22:43:19,MOTION_LIVING,ON
2026-01-20 22:44:47,MOTION_BATH,ON
2026-01-20 23:10:31,MOTION_BEDROOM,ON
2026-01-20 23:23:50,PRESSURE_BED,ON
2026-01-21 06:47:23,PRESSURE_BED,ON
2026-01-21 07:00:59,MOTION_BEDROOM,ON
2026-01-21 07:13:12,MOTION_HALL,ON
2026-01-21 07:22:52,MOTION_KITCHEN,ON
2026-01-21 07:26:28,MOTION_KITCHEN,ON
2026-01-21 07:29:53,MOTION_KITCHEN,ON
2026-01-21 07:34:45,MOTION_KITCHEN,ON
2026-01-21 07:37:01,MOTION_KITCHEN,ON
2026-01-21 07:38:43,DOOR_FRIDGE,OPEN
2026-01-21 08:05:08,MOTION_KITCHEN,ON
2026-01-21 08:55:19,MOTION_BATH,ON
2026-01-21 09:00:16,MOTION_BATH,ON
2026-01-21 09:55:23,MOTION_LIVING,ON
2026-01-21 10:07:38,PRESSURE_SOFA,ON
2026-01-21 10:09:28,MOTION_LIVING,ON
2026-01-21 10:39:32,MOTION_LIVING,ON
2026-01-21 11:31:34,MOTION_LIVING,ON
2026-01-21 11:32:50,MOTION_LIVING,ON
2026-01-21 11:35:37,MOTION_LIVING,ON
2026-01-21 12:13:49,MOTION_KITCHEN,ON
2026-01-21 12:17:42,MOTION_KITCHEN,ON
2026-01-21 12:21:10,MOTION_KITCHEN,ON
2026-01-21 12:25:39,DOOR_FRIDGE,OPEN
2026-01-21 14:27:30,MOTION_LIVING,ON
2026-01-21 14:33:25,PRESSURE_SOFA,ON
2026-01-21 15:19:47,MOTION_HALL,ON
2026-01-21 16:11:06,MOTION_LIVING,ON
2026-01-21 16:53:50,PRESSURE_SOFA,ON
2026-01-21 16:54:37,MOTION_HALL,ON
2026-01-21 17:33:58,DOOR_ENTRANCE,OPEN
2026-01-21 18:22:07,DOOR_ENTRANCE,OPEN
2026-01-21 18:33:46,MOTION_KITCHEN,ON
2026-01-21 18:38:01,DOOR_FRIDGE,OPEN
2026-01-21 19:07:51,MOTION_KITCHEN,ON
2026-01-21 19:24:21,MOTION_KITCHEN,ON
2026-01-21 19:25:04,MOTION_KITCHEN,ON
2026-01-21 19:27:30,MOTION_KITCHEN,ON
2026-01-21 19:55:13,MOTION_KITCHEN,ON
2026-01-21 20:26:29,PRESSURE_SOFA,ON
2026-01-21 20:30:11,MOTION_LIVING,ON
2026-01-21 20:52:28,MOTION_LIVING,ON
2026-01-21 22:11:59,MOTION_LIVING,ON
2026-01-21 22:18:17,MOTION_LIVING,ON
2026-01-21 22:20:35,MOTION_LIVING,ON
2026-01-21 22:32:00,PRESSURE_SOFA,ON
2026-01-21 22:37:36,MOTION_BATH,ON
2026-01-21 22:47:25,PRESSURE_SOFA,ON
2026-01-21 23:00:51,MOTION_BEDROOM,ON
2026-01-21 23:22:11,PRESSURE_BED,ON
2026-01-22 06:41:29,PRESSURE_BED,ON
2026-01-22 07:00:16,MOTION_BEDROOM,ON
2026-01-22 07:10:33,MOTION_HALL,ON
2026-01-22 07:25:52,MOTION_KITCHEN,ON
2026-01-22 07:31:22,MOTION_KITCHEN,ON
2026-01-22 07:34:39,MOTION_KITCHEN,ON
2026-01-22 07:34:58,DOOR_FRIDGE,OPEN
2026-01-22 07:38:07,MOTION_KITCHEN,ON
2026-01-22 07:39:24,MOTION_KITCHEN,ON
2026-01-22 07:39:25,MOTION_KITCHEN,ON
2026-01-22 08:09:37,MOTION_KITCHEN,ON
2026-01-22 08:37:43,MOTION_BATH,ON
2026-01-22 09:00:20,MOTION_BATH,ON
2026-01-22 09:24:07,MOTION_LIVING,ON
2026-01-22 09:28:44,MOTION_LIVING,ON
2026-01-22 09:37:24,MOTION_LIVING,ON
2026-01-22 10:00:31,PRESSURE_SOFA,ON
2026-01-22 10:43:08,MOTION_LIVING,ON
2026-01-22 11:29:27,MOTION_LIVING,ON
2026-01-22 12:14:11,MOTION_KITCHEN,ON
2026-01-22 12:19:39,DOOR_FRIDGE,OPEN
2026-01-22 12:20:53,MOTION_KITCHEN,ON
2026-01-22 12:25:18,MOTION_KITCHEN,ON
2026-01-22 12:27:10,MOTION_KITCHEN,ON
2026-01-22 14:10:01,MOTION_HALL,ON
2026-01-22 14:23:17,MOTION_LIVING,ON
2026-01-22 14:29:32,MOTION_HALL,ON
2026-01-22 15:05:08,PRESSURE_SOFA,ON
2026-01-22 16:31:31,MOTION_HALL,ON
2026-01-22 16:50:31,PRESSURE_SOFA,ON
2026-01-22 17:29:10,DOOR_ENTRANCE,OPEN
2026-01-22 18:24:55,MOTION_KITCHEN,ON
2026-01-22 18:33:16,MOTION_KITCHEN,ON
2026-01-22 18:34:36,DOOR_ENTRANCE,OPEN
2026-01-22 18:41:07,MOTION_KITCHEN,ON
2026-01-22 18:46:55,DOOR_FRIDGE,OPEN
2026-01-22 18:53:46,MOTION_KITCHEN,ON
2026-01-22 19:11:47,MOTION_KITCHEN,ON
2026-01-22 19:39:13,MOTION_KITCHEN,ON
2026-01-22 19:39:52,MOTION_KITCHEN,ON
2026-01-22 19:54:34,MOTION_KITCHEN,ON
2026-01-22 20:08:34,PRESSURE_SOFA,ON
2026-01-22 21:12:13,MOTION_LIVING,ON
2026-01-22 21:43:20,MOTION_LIVING,ON
2026-01-22 22:13:52,MOTION_LIVING,ON
2026-01-22 22:42:55,PRESSURE_SOFA,ON
2026-01-22 22:44:10,PRESSURE_SOFA,ON
2026-01-22 22:44:18,MOTION_BATH,ON
2026-01-22 23:08:17,MOTION_BEDROOM,ON
2026-01-22 23:21:57,PRESSURE_BED,ON
2026-01-23 06:38:08,PRESSURE_BED,ON
2026-01-23 07:00:17,MOTION_HALL,ON
2026-01-23 07:03:58,MOTION_BEDROOM,ON
2026-01-23 07:24:15,MOTION_KITCHEN,ON
2026-01-23 07:24:45,MOTION_KITCHEN,ON
2026-01-23 07:27:48,MOTION_KITCHEN,ON
2026-01-23 07:29:36,DOOR_FRIDGE,OPEN
2026-01-23 07:30:53,MOTION_KITCHEN,ON
2026-01-23 07:32:31,MOTION_KITCHEN,ON
2026-01-23 08:10:17,MOTION_KITCHEN,ON
2026-01-23 08:55:26,MOTION_BATH,ON
2026-01-23 09:02:28,MOTION_BATH,ON
2026-01-23 09:30:32,MOTION_LIVING,ON
2026-01-23 10:00:46,PRESSURE_SOFA,ON
2026-01-23 10:34:31,MOTION_LIVING,ON
2026-01-23 10:42:00,MOTION_LIVING,ON
2026-01-23 11:22:44,MOTION_LIVING,ON
2026-01-23 11:55:56,MOTION_LIVING,ON
2026-01-23 12:12:50,MOTION_KITCHEN,ON
2026-01-23 12:13:20,DOOR_FRIDGE,OPEN
2026-01-23 12:16:27,MOTION_KITCHEN,ON
2026-01-23 12:16:31,MOTION_KITCHEN,ON
2026-01-23 12:21:54,MOTION_KITCHEN,ON
2026-01-23 12:27:25,MOTION_KITCHEN,ON
2026-01-23 12:30:42,MOTION_KITCHEN,ON
2026-01-23 13:15:29,PRESSURE_SOFA,ON
2026-01-23 13:32:44,MOTION_LIVING,ON
2026-01-23 13:45:01,PRESSURE_SOFA,ON
2026-01-23 14:08:40,PRESSURE_SOFA,ON
2026-01-23 14:32:05,MOTION_HALL,ON
2026-01-23 14:41:50,PRESSURE_SOFA,ON
2026-01-23 14:46:10,PRESSURE_SOFA,ON
2026-01-23 15:10:23,MOTION_HALL,ON
2026-01-23 15:10:42,PRESSURE_SOFA,ON
2026-01-23 15:26:36,MOTION_HALL,ON
2026-01-23 15:48:02,MOTION_LIVING,ON
2026-01-23 15:51:48,MOTION_HALL,ON
2026-01-23 18:35:04,MOTION_KITCHEN,ON
2026-01-23 18:42:14,MOTION_KITCHEN,ON
2026-01-23 18:50:04,DOOR_FRIDGE,OPEN
2026-01-23 19:05:00,MOTION_KITCHEN,ON
2026-01-23 19:12:55,MOTION_KITCHEN,ON
2026-01-23 19:49:08,MOTION_KITCHEN,ON
2026-01-23 21:10:06,MOTION_LIVING,ON
2026-01-23 21:28:08,PRESSURE_SOFA,ON
2026-01-23 21:51:40,MOTION_LIVING,ON
2026-01-23 21:54:41,MOTION_LIVING,ON
2026-01-23 22:05:28,MOTION_LIVING,ON
2026-01-23 22:14:33,MOTION_LIVING,ON
2026-01-23 22:14:39,PRESSURE_SOFA,ON
2026-01-23 22:49:55,MOTION_BATH,ON
2026-01-23 23:00:05,MOTION_BEDROOM,ON
2026-01-23 23:08:08,PRESSURE_BED,ON
2026-01-24 06:53:46,PRESSURE_BED,ON
2026-01-24 07:02:22,MOTION_BEDROOM,ON
2026-01-24 07:08:20,MOTION_HALL,ON
2026-01-24 07:25:54,DOOR_FRIDGE,OPEN
2026-01-24 07:27:17,MOTION_KITCHEN,ON
2026-01-24 07:27:35,MOTION_KITCHEN,ON
2026-01-24 07:39:18,MOTION_KITCHEN,ON
2026-01-24 07:39:38,MOTION_KITCHEN,ON
2026-01-24 07:40:05,MOTION_KITCHEN,ON
2026-01-24 08:00:13,MOTION_KITCHEN,ON
2026-01-24 08:51:38,MOTION_BATH,ON
2026-01-24 09:06:12,MOTION_BATH,ON
2026-01-24 09:20:31,MOTION_LIVING,ON
2026-01-24 09:36:24,MOTION_LIVING,ON
2026-01-24 10:05:49,PRESSURE_SOFA,ON
2026-01-24 10:13:24,MOTION_LIVING,ON
2026-01-24 10:46:03,MOTION_LIVING,ON
2026-01-24 11:05:23,MOTION_LIVING,ON
2026-01-24 11:31:23,MOTION_LIVING,ON
2026-01-24 11:43:04,MOTION_LIVING,ON
2026-01-24 11:48:11,MOTION_LIVING,ON
2026-01-24 12:06:59,DOOR_FRIDGE,OPEN
2026-01-24 12:10:37,MOTION_KITCHEN,ON
2026-01-24 12:12:00,MOTION_KITCHEN,ON
2026-01-24 12:18:13,MOTION_KITCHEN,ON
2026-01-24 13:37:51,MOTION_LIVING,ON
2026-01-24 13:45:34,MOTION_HALL,ON
2026-01-24 14:22:19,MOTION_LIVING,ON
2026-01-24 14:39:25,PRESSURE_SOFA,ON
2026-01-24 16:32:25,MOTION_HALL,ON
2026-01-24 16:37:40,PRESSURE_SOFA,ON
2026-01-24 18:08:15,MOTION_KITCHEN,ON
2026-01-24 18:24:42,MOTION_KITCHEN,ON
2026-01-24 18:32:07,MOTION_KITCHEN,ON
2026-01-24 18:40:07,DOOR_FRIDGE,OPEN
2026-01-24 19:44:38,MOTION_KITCHEN,ON
2026-01-24 19:49:27,MOTION_KITCHEN,ON
2026-01-24 20:54:21,MOTION_LIVING,ON
2026-01-24 21:13:46,PRESSURE_SOFA,ON
2026-01-24 21:22:16,MOTION_LIVING,ON
2026-01-24 21:27:10,PRESSURE_SOFA,ON
2026-01-24 22:13:10,MOTION_LIVING,ON
2026-01-24 22:41:31,MOTION_LIVING,ON
2026-01-24 22:49:32,MOTION_BATH,ON
2026-01-24 23:01:03,MOTION_BEDROOM,ON
2026-01-24 23:20:54,PRESSURE_BED,ON
2026-01-25 03:39:02,MOTION_BATH,ON
2026-01-25 06:46:10,PRESSURE_BED,ON
2026-01-25 07:00:49,MOTION_BEDROOM,ON
2026-01-25 07:00:57,MOTION_HALL,ON
2026-01-25 07:20:15,MOTION_KITCHEN,ON
2026-01-25 07:21:54,MOTION_KITCHEN,ON
2026-01-25 07:26:30,DOOR_FRIDGE,OPEN
2026-01-25 07:27:47,MOTION_KITCHEN,ON
2026-01-25 07:36:00,MOTION_KITCHEN,ON
2026-01-25 08:01:24,MOTION_KITCHEN,ON
2026-01-25 08:39:11,MOTION_BATH,ON
2026-01-25 09:00:35,MOTION_BATH,ON
2026-01-25 09:25:15,MOTION_LIVING,ON
2026-01-25 09:38:02,MOTION_LIVING,ON
2026-01-25 10:00:20,PRESSURE_SOFA,ON
2026-01-25 10:09:36,MOTION_LIVING,ON
2026-01-25 10:09:56,MOTION_LIVING,ON
2026-01-25 10:12:32,MOTION_LIVING,ON
2026-01-25 10:23:49,MOTION_LIVING,ON
2026-01-25 10:51:20,MOTION_LIVING,ON
2026-01-25 11:08:11,MOTION_LIVING,ON
2026-01-25 12:10:23,MOTION_KITCHEN,ON
2026-01-25 12:16:18,MOTION_KITCHEN,ON
2026-01-25 12:23:50,DOOR_FRIDGE,OPEN
2026-01-25 12:27:29,MOTION_KITCHEN,ON
2026-01-25 13:18:15,MOTION_HALL,ON
2026-01-25 13:26:48,MOTION_LIVING,ON
2026-01-25 14:14:59,MOTION_LIVING,ON
2026-01-25 14:34:37,PRESSURE_SOFA,ON
2026-01-25 15:45:56,MOTION_HALL,ON
2026-01-25 16:06:34,MOTION_LIVING,ON
2026-01-25 16:52:19,MOTION_HALL,ON
2026-01-25 16:54:46,MOTION_LIVING,ON
2026-01-25 18:07:58,MOTION_KITCHEN,ON
2026-01-25 18:38:26,MOTION_KITCHEN,ON
2026-01-25 18:42:06,MOTION_KITCHEN,ON
2026-01-25 18:50:17,MOTION_KITCHEN,ON
2026-01-25 18:51:08,DOOR_FRIDGE,OPEN
2026-01-25 19:34:47,MOTION_KITCHEN,ON
2026-01-25 20:15:29,PRESSURE_SOFA,ON
2026-01-25 20:42:27,MOTION_LIVING,ON
2026-01-25 20:54:09,MOTION_LIVING,ON
2026-01-25 21:19:12,MOTION_LIVING,ON
2026-01-25 21:25:44,PRESSURE_SOFA,ON
2026-01-25 21:31:34,MOTION_LIVING,ON
2026-01-25 21:54:28,MOTION_LIVING,ON
2026-01-25 22:13:18,MOTION_LIVING,ON
2026-01-25 22:25:28,PRESSURE_SOFA,ON
2026-01-25 22:44:29,MOTION_BATH,ON
2026-01-25 23:00:54,MOTION_BEDROOM,ON
2026-01-25 23:08:05,PRESSURE_BED,ON
2026-01-26 06:41:53,PRESSURE_BED,ON
2026-01-26 07:00:09,MOTION_BEDROOM,ON
2026-01-26 07:00:45,MOTION_HALL,ON
2026-01-26 07:25:01,MOTION_KITCHEN,ON
2026-01-26 07:29:16,MOTION_KITCHEN,ON
2026-01-26 07:31:25,MOTION_KITCHEN,ON
2026-01-26 07:32:54,MOTION_KITCHEN,ON
2026-01-26 07:36:03,MOTION_KITCHEN,ON
2026-01-26 07:39:35,DOOR_FRIDGE,OPEN
2026-01-26 08:07:15,MOTION_KITCHEN,ON
2026-01-26 08:38:29,MOTION_BATH,ON
2026-01-26 09:00:51,MOTION_BATH,ON
2026-01-26 09:05:03,MOTION_LIVING,ON
2026-01-26 09:06:04,MOTION_LIVING,ON
2026-01-26 09:13:12,MOTION_LIVING,ON
2026-01-26 10:00:57,PRESSURE_SOFA,ON
2026-01-26 10:28:43,MOTION_LIVING,ON
2026-01-26 11:42:16,MOTION_LIVING,ON
2026-01-26 11:46:05,MOTION_LIVING,ON
2026-01-26 12:05:24,DOOR_FRIDGE,OPEN
2026-01-26 12:11:10,MOTION_KITCHEN,ON
2026-01-26 12:11:29,MOTION_KITCHEN,ON
2026-01-26 12:14:05,MOTION_KITCHEN,ON
2026-01-26 12:20:07,MOTION_KITCHEN,ON
2026-01-26 12:22:31,MOTION_KITCHEN,ON
2026-01-26 12:28:27,MOTION_KITCHEN,ON
2026-01-26 13:22:08,PRESSURE_SOFA,ON
2026-01-26 13:29:22,MOTION_HALL,ON
2026-01-26 14:07:39,MOTION_HALL,ON
2026-01-26 14:22:28,PRESSURE_SOFA,ON
2026-01-26 14:45:50,MOTION_HALL,ON
2026-01-26 14:46:31,PRESSURE_SOFA,ON
2026-01-26 15:29:11,PRESSURE_SOFA,ON
2026-01-26 16:16:13,PRESSURE_SOFA,ON
2026-01-26 16:17:56,MOTION_HALL,ON
2026-01-26 16:39:22,PRESSURE_SOFA,ON
2026-01-26 16:40:03,PRESSURE_SOFA,ON
2026-01-26 17:39:14,DOOR_ENTRANCE,OPEN
2026-01-26 18:15:06,MOTION_KITCHEN,ON
2026-01-26 18:20:57,DOOR_ENTRANCE,OPEN
2026-01-26 18:35:33,MOTION_KITCHEN,ON
2026-01-26 18:40:11,DOOR_FRIDGE,OPEN
2026-01-26 18:47:15,MOTION_KITCHEN,ON
2026-01-26 18:53:14,MOTION_KITCHEN,ON
2026-01-26 19:27:59,MOTION_KITCHEN,ON
2026-01-26 19:39:52,MOTION_KITCHEN,ON
2026-01-26 19:54:37,MOTION_KITCHEN,ON
2026-01-26 20:43:01,MOTION_LIVING,ON
2026-01-26 21:07:03,MOTION_LIVING,ON
2026-01-26 21:39:11,PRESSURE_SOFA,ON
2026-01-26 22:06:36,PRESSURE_SOFA,ON
2026-01-26 22:14:53,MOTION_LIVING,ON
2026-01-26 22:25:58,PRESSURE_SOFA,ON
2026-01-26 22:35:21,MOTION_LIVING,ON
2026-01-26 22:54:12,MOTION_BATH,ON
2026-01-26 23:00:21,MOTION_BEDROOM,ON
2026-01-26 23:10:58,PRESSURE_BED,ON
2026-01-27 02:33:05,MOTION_BATH,ON
2026-01-27 06:45:03,PRESSURE_BED,ON
2026-01-27 07:00:09,MOTION_BEDROOM,ON
2026-01-27 07:13:45,MOTION_HALL,ON
2026-01-27 07:23:54,MOTION_KITCHEN,ON
2026-01-27 07:28:21,DOOR_FRIDGE,OPEN
2026-01-27 07:31:04,MOTION_KITCHEN,ON
2026-01-27 07:31:45,MOTION_KITCHEN,ON
2026-01-27 07:32:37,MOTION_KITCHEN,ON
2026-01-27 07:36:55,MOTION_KITCHEN,ON
2026-01-27 08:00:20,MOTION_KITCHEN,ON
2026-01-27 08:39:10,MOTION_BATH,ON
2026-01-27 09:03:50,MOTION_BATH,ON
2026-01-27 09:16:46,MOTION_LIVING,ON
2026-01-27 09:29:19,MOTION_LIVING,ON
2026-01-27 09:47:37,MOTION_LIVING,ON
2026-01-27 09:49:36,MOTION_LIVING,ON
2026-01-27 10:02:54,PRESSURE_SOFA,ON
2026-01-27 11:25:11,MOTION_LIVING,ON
2026-01-27 11:40:44,MOTION_LIVING,ON
2026-01-27 11:49:18,MOTION_LIVING,ON
2026-01-27 11:55:22,MOTION_LIVING,ON
2026-01-27 12:15:38,MOTION_KITCHEN,ON
2026-01-27 12:20:58,MOTION_KITCHEN,ON
2026-01-27 12:25:36,DOOR_FRIDGE,OPEN
2026-01-27 12:29:14,MOTION_KITCHEN,ON
2026-01-27 13:20:20,PRESSURE_SOFA,ON
2026-01-27 14:20:04,MOTION_HALL,ON
2026-01-27 14:45:52,MOTION_LIVING,ON
2026-01-27 15:21:46,MOTION_LIVING,ON
2026-01-27 15:33:16,MOTION_LIVING,ON
2026-01-27 16:14:47,PRESSURE_SOFA,ON
2026-01-27 17:32:28,DOOR_ENTRANCE,OPEN
2026-01-27 18:07:18,MOTION_KITCHEN,ON
2026-01-27 18:09:21,MOTION_KITCHEN,ON
2026-01-27 18:15:28,MOTION_KITCHEN,ON
2026-01-27 18:25:16,MOTION_KITCHEN,ON
2026-01-27 18:29:10,MOTION_KITCHEN,ON
2026-01-27 18:33:10,DOOR_ENTRANCE,OPEN
2026-01-27 18:37:35,DOOR_FRIDGE,OPEN
2026-01-27 19:11:53,MOTION_KITCHEN,ON
2026-01-27 19:29:22,MOTION_KITCHEN,ON
2026-01-27 19:55:55,MOTION_KITCHEN,ON
2026-01-27 20:32:38,MOTION_LIVING,ON
2026-01-27 21:15:06,MOTION_LIVING,ON
2026-01-27 21:18:26,MOTION_LIVING,ON
2026-01-27 21:24:06,MOTION_LIVING,ON
2026-01-27 21:43:45,PRESSURE_SOFA,ON
2026-01-27 22:36:25,MOTION_BATH,ON
2026-01-27 22:40:42,PRESSURE_SOFA,ON
2026-01-27 23:08:35,MOTION_BEDROOM,ON
2026-01-27 23:20:09,PRESSURE_BED,ON
2026-01-28 06:44:52,PRESSURE_BED,ON
2026-01-28 07:10:38,MOTION_BEDROOM,ON
2026-01-28 07:23:01,MOTION_KITCHEN,ON
2026-01-28 07:26:10,MOTION_KITCHEN,ON
2026-01-28 07:35:12,MOTION_KITCHEN,ON
2026-01-28 07:40:18,MOTION_KITCHEN,ON
2026-01-28 08:37:30,MOTION_BATH,ON
2026-01-28 09:23:19,MOTION_LIVING,ON
2026-01-28 17:32:30,MOTION_LIVING,ON
2026-01-28 18:35:57,MOTION_KITCHEN,ON
2026-01-28 22:00:05,MOTION_BEDROOM,ON
2026-01-28 22:25:34,PRESSURE_BED,ON
2026-01-29 01:22:26,MOTION_LIVING,ON
2026-01-29 01:46:43,MOTION_HALL,ON
2026-01-29 02:00:29,DOOR_FRIDGE,OPEN
2026-01-29 02:08:54,MOTION_HALL,ON
2026-01-29 02:13:11,MOTION_LIVING,ON
2026-01-29 02:15:47,MOTION_KITCHEN,ON
2026-01-29 02:27:16,MOTION_KITCHEN,ON
2026-01-29 02:42:22,MOTION_LIVING,ON
2026-01-29 02:43:11,MOTION_KITCHEN,ON
2026-01-29 03:05:16,MOTION_HALL,ON
2026-01-29 03:06:00,MOTION_LIVING,ON
2026-01-29 03:06:23,MOTION_HALL,ON
2026-01-29 03:10:01,MOTION_KITCHEN,ON
2026-01-29 03:22:57,MOTION_KITCHEN,ON
2026-01-29 03:24:45,MOTION_LIVING,ON
2026-01-29 03:29:43,DOOR_ENTRANCE,OPEN
2026-01-29 03:54:54,MOTION_HALL,ON
2026-01-29 06:47:11,PRESSURE_BED,ON
2026-01-29 07:01:56,MOTION_BEDROOM,ON
2026-01-29 07:07:23,MOTION_HALL,ON
2026-01-29 07:26:09,DOOR_FRIDGE,OPEN
2026-01-29 07:27:53,MOTION_KITCHEN,ON
2026-01-29 07:28:28,MOTION_KITCHEN,ON
2026-01-29 07:28:36,MOTION_KITCHEN,ON
2026-01-29 07:34:02,MOTION_KITCHEN,ON
2026-01-29 07:34:16,MOTION_KITCHEN,ON
2026-01-29 08:00:05,MOTION_KITCHEN,ON
2026-01-29 08:46:51,MOTION_BATH,ON
2026-01-29 09:07:26,MOTION_BATH,ON
2026-01-29 09:30:57,MOTION_LIVING,ON
2026-01-29 09:35:19,MOTION_LIVING,ON
2026-01-29 09:40:03,MOTION_LIVING,ON
2026-01-29 10:00:07,PRESSURE_SOFA,ON
2026-01-29 10:38:26,MOTION_LIVING,ON
2026-01-29 10:41:56,MOTION_LIVING,ON
2026-01-29 11:07:32,MOTION_LIVING,ON
2026-01-29 11:38:51,MOTION_LIVING,ON
2026-01-29 11:48:39,MOTION_LIVING,ON
2026-01-29 11:48:55,MOTION_LIVING,ON
2026-01-29 12:11:27,MOTION_KITCHEN,ON
2026-01-29 12:12:43,MOTION_KITCHEN,ON
2026-01-29 12:15:10,MOTION_KITCHEN,ON
2026-01-29 12:16:08,MOTION_KITCHEN,ON
2026-01-29 12:16:51,MOTION_KITCHEN,ON
2026-01-29 12:23:12,MOTION_KITCHEN,ON
2026-01-29 12:25:09,DOOR_FRIDGE,OPEN
2026-01-29 13:10:35,PRESSURE_SOFA,ON
2026-01-29 13:11:49,MOTION_HALL,ON
2026-01-29 13:16:25,PRESSURE_SOFA,ON
2026-01-29 13:55:39,MOTION_HALL,ON
2026-01-29 13:55:55,PRESSURE_SOFA,ON
2026-01-29 14:41:37,MOTION_HALL,ON
2026-01-29 15:25:58,MOTION_HALL,ON
2026-01-29 15:31:24,PRESSURE_SOFA,ON
2026-01-29 15:38:58,PRESSURE_SOFA,ON
2026-01-29 16:12:09,PRESSURE_SOFA,ON
2026-01-29 16:40:54,PRESSURE_SOFA,ON
2026-01-29 16:41:30,MOTION_HALL,ON
2026-01-29 17:39:43,DOOR_ENTRANCE,OPEN
2026-01-29 18:19:08,MOTION_KITCHEN,ON
2026-01-29 18:32:02,DOOR_ENTRANCE,OPEN
2026-01-29 18:45:17,DOOR_FRIDGE,OPEN
2026-01-29 18:52:30,MOTION_KITCHEN,ON
2026-01-29 19:22:53,MOTION_KITCHEN,ON
2026-01-29 19:28:01,MOTION_KITCHEN,ON
2026-01-29 19:49:15,MOTION_KITCHEN,ON
2026-01-29 19:49:43,MOTION_KITCHEN,ON
2026-01-29 19:52:28,MOTION_KITCHEN,ON
2026-01-29 19:55:19,MOTION_KITCHEN,ON
2026-01-29 20:17:15,MOTION_LIVING,ON
2026-01-29 20:34:58,MOTION_LIVING,ON
2026-01-29 20:37:04,MOTION_LIVING,ON
2026-01-29 21:18:47,PRESSURE_SOFA,ON
2026-01-29 21:50:08,PRESSURE_SOFA,ON
2026-01-29 21:50:17,MOTION_LIVING,ON
2026-01-29 21:53:52,PRESSURE_SOFA,ON
2026-01-29 22:41:11,MOTION_LIVING,ON
2026-01-29 22:46:12,MOTION_LIVING,ON
2026-01-29 22:46:52,MOTION_BATH,ON
2026-01-29 23:04:32,MOTION_BEDROOM,ON
2026-01-29 23:17:40,PRESSURE_BED,ON
2026-01-30 06:51:52,PRESSURE_BED,ON
2026-01-30 07:09:25,MOTION_BEDROOM,ON
2026-01-30 09:38:06,MOTION_BATH,ON
2026-01-30 10:35:21,MOTION_LIVING,ON
2026-01-30 12:14:33,MOTION_KITCHEN,ON
2026-01-30 14:21:12,PRESSURE_SOFA,ON
2026-01-30 14:45:55,PRESSURE_SOFA,ON
2026-01-30 16:43:19,PRESSURE_SOFA,ON
2026-01-30 16:47:35,PRESSURE_SOFA,ON
2026-01-30 18:27:57,MOTION_KITCHEN,ON
2026-01-30 22:36:51,MOTION_BEDROOM,ON
2026-01-30 23:09:25,PRESSURE_BED,ON
